btc_height,btc_header_hash,chain,child_height,child_block_hash,child_block_hash_order,child_header_hex,child_block_time,child_nbits,source_btc_height,source_kind,source_path,source_row_number,source_sha256,source_classification,btc_height_provenance,child_height_provenance,identity_provenance,catalogue_row_number,provenance
225013,000000000000037f2cc0769d4244cf50f1cace4ab76b0b4adb31010e10150708,namecoin,99370,29a7f082a4ccd618279f1a1cca4d5420a1ee8ed4ec1304533a943945acacae43,internal,,1362842196,,,archive_row,<chain-archive>/namecoin/classified/namecoin_stale_blocks.csv,53555,78814420b8fac775e3fa173cbd3c10261808e1f879f20c246957ea03feee19b6,stale,catalogue-active-parent-placement,node-verified-rpc-height,monitor-production:merge_mining_event:651478,2,catalogue:full-evidence:ixcoin_evidence.csv|observation:<chain-archive>/namecoin/classified/namecoin_stale_blocks.csv:53555
225013,000000000000037f2cc0769d4244cf50f1cace4ab76b0b4adb31010e10150708,devcoin,80590,8e4896b4e36563cb4639246d15ad8d7912f235637da5bea2df5f9d8320c3c025,internal,01010400d172e1559fefaf57ec032d6aa0541215fb1749fbf27da89210cdf15e6c4de3280c99b52bbebad9660834f0a73cc954cd38e04e4492bb6dc6f3d84ea824145bcf31543b5191c3071b00000000,1362842673,1b07c391,225013,archive_row,<chain-archive>/devcoin/classified/devcoin_stale_blocks.csv,59,1779e3b2bc5cedbb6a5b592e551bd7cb99f1e07fa936bf31f70d559e099bb335,stale,catalogue-and-source-row,source-row,<chain-archive>/devcoin/classified/devcoin_stale_blocks.csv:59,2,catalogue:full-evidence:ixcoin_evidence.csv|observation:<chain-archive>/devcoin/classified/devcoin_stale_blocks.csv:59
225013,000000000000037f2cc0769d4244cf50f1cace4ab76b0b4adb31010e10150708,ixcoin,120330,81ae1b6673bc9ffcefc76aafc83d3b7440318af788052af941814677a0fa1462,internal,01010300ef6f83bfd4c3e1a1d2e47b932bb9c61bfb5795edb602c95c08f19416757179d9e52d09588372602162839a72ae83a9a3d470c0cd676135a95533fa5138702b1830543b51728e021b00000000,1362842672,1b028e72,225013,archive_row,<chain-archive>/ixcoin/classified/ixcoin_stale_blocks.csv,60,d2a69b1cb73617231d5a636d3c3ba9014b0c0e5fe6f094496a24e54c98cecc93,stale,catalogue-and-source-row,source-row,<chain-archive>/ixcoin/classified/ixcoin_stale_blocks.csv:60,2,catalogue:full-evidence:ixcoin_evidence.csv|observation:<chain-archive>/ixcoin/classified/ixcoin_stale_blocks.csv:60
225015,000000000000015437122b60d0a1d2ed7e1f98b5b292e886d6ca62042bba2035,namecoin,99371,d4c3ad390f50f5c4e57b4643c6ef5c217130efb5b16d3de8a47c69963a563005,internal,,1362842753,,,archive_row,<chain-archive>/namecoin/classified/namecoin_stale_blocks.csv,53556,78814420b8fac775e3fa173cbd3c10261808e1f879f20c246957ea03feee19b6,stale,catalogue-active-parent-placement,node-verified-rpc-height,monitor-production:merge_mining_event:651479,3,catalogue:full-evidence:ixcoin_evidence.csv|observation:<chain-archive>/namecoin/classified/namecoin_stale_blocks.csv:53556
225015,000000000000015437122b60d0a1d2ed7e1f98b5b292e886d6ca62042bba2035,devcoin,80595,8d8fa246ac3229f5977ef8654b8e8157b6abff65cfc22e9f9635f37c2052b84c,internal,01010400cf2a6264a20af2fb0b4d43af8d79115d54ef83980e149f255afad643d0d433202558e4f3bfea7775606c42f65c1e19ccfb4c3489ff7c9b96f9eeb1df43d946891e573b51cba5071b00000000,1362843422,1b07a5cb,225015,archive_row,<chain-archive>/devcoin/classified/devcoin_stale_blocks.csv,60,1779e3b2bc5cedbb6a5b592e551bd7cb99f1e07fa936bf31f70d559e099bb335,stale,catalogue-and-source-row,source-row,<chain-archive>/devcoin/classified/devcoin_stale_blocks.csv:60,3,catalogue:full-evidence:ixcoin_evidence.csv|observation:<chain-archive>/devcoin/classified/devcoin_stale_blocks.csv:60
225015,000000000000015437122b60d0a1d2ed7e1f98b5b292e886d6ca62042bba2035,ixcoin,120333,06582d22e0c5567901e2baa2d2628db363557c46a3a0a86a0d3760506a349a5b,internal,01010300f1e2ef20771d69fe2d265356eca3dc7c178b270a940ddb5930992bdb609168c5695d33c7a85439a88244feac2772f8e13c82b6ab85f87294e9bb2bca93657bb81d573b51728e021b00000000,1362843421,1b028e72,225015,archive_row,<chain-archive>/ixcoin/classified/ixcoin_stale_blocks.csv,61,d2a69b1cb73617231d5a636d3c3ba9014b0c0e5fe6f094496a24e54c98cecc93,stale,catalogue-and-source-row,source-row,<chain-archive>/ixcoin/classified/ixcoin_stale_blocks.csv:61,3,catalogue:full-evidence:ixcoin_evidence.csv|observation:<chain-archive>/ixcoin/classified/ixcoin_stale_blocks.csv:61
225134,00000000000003abc9b545f105aec0a14cab2b65665f967b2527b61bb25e21bd,namecoin,99462,5ca7fab525f73a980f96f58987ccda014dbe2aeba4e833ceca421b1349c7765e,internal,,1362895571,,,archive_row,<chain-archive>/namecoin/classified/namecoin_stale_blocks.csv,53629,78814420b8fac775e3fa173cbd3c10261808e1f879f20c246957ea03feee19b6,stale,catalogue-active-parent-placement,node-verified-rpc-height,monitor-production:merge_mining_event:651570,4,catalogue:full-evidence:ixcoin_evidence.csv|observation:<chain-archive>/namecoin/classified/namecoin_stale_blocks.csv:53629
225134,00000000000003abc9b545f105aec0a14cab2b65665f967b2527b61bb25e21bd,devcoin,80734,8c49b894d5ce4a75278a3bfb0e91d68d40507d759a3351e53a6ca83077fbdd28,internal,01010400204c0bbe2f827b762f384bca89f5fad1efb20d298a26d65e3d45911e2925dc8ff79f0421d2bdab5e4cde7032efe2ac5cf481e343bbb35bdf27d5746fe571ba9994223c51216e021b00000000,1362895508,1b026e21,225134,archive_row,<chain-archive>/devcoin/classified/devcoin_stale_blocks.csv,61,1779e3b2bc5cedbb6a5b592e551bd7cb99f1e07fa936bf31f70d559e099bb335,stale,catalogue-and-source-row,source-row,<chain-archive>/devcoin/classified/devcoin_stale_blocks.csv:61,4,catalogue:full-evidence:ixcoin_evidence.csv|observation:<chain-archive>/devcoin/classified/devcoin_stale_blocks.csv:61
225134,00000000000003abc9b545f105aec0a14cab2b65665f967b2527b61bb25e21bd,ixcoin,120574,0545f7f24a84e869560599cb4ba220ee230fe563f694d5de86a40f5cbb05ad17,internal,01010300fda1499bd7d06132f44b4cbeca4aeda85bb9977fcc0510cd7b499c285f5c215f792b856e4cd3c44f34fced7c600512f5c66577834a8253500cc07a3e3f8b69187d233c510303091b00000000,1362895741,1b090303,225134,archive_row,<chain-archive>/ixcoin/classified/ixcoin_stale_blocks.csv,62,d2a69b1cb73617231d5a636d3c3ba9014b0c0e5fe6f094496a24e54c98cecc93,stale,catalogue-and-source-row,source-row,<chain-archive>/ixcoin/classified/ixcoin_stale_blocks.csv:62,4,catalogue:full-evidence:ixcoin_evidence.csv|observation:<chain-archive>/ixcoin/classified/ixcoin_stale_blocks.csv:62
225145,00000000000001a3aa38003bb99c2bb16dc48dfcf5542ddf86139e639ff51433,namecoin,99474,dd38dab8e047e3fa768d62373966deb03c8bc6558de1173983bf455f92c8d1a1,internal,,1362902081,,,archive_row,<chain-archive>/namecoin/classified/namecoin_stale_blocks.csv,53639,78814420b8fac775e3fa173cbd3c10261808e1f879f20c246957ea03feee19b6,stale,catalogue-active-parent-placement,node-verified-rpc-height,monitor-production:merge_mining_event:651582,5,catalogue:full-evidence:ixcoin_evidence.csv|observation:<chain-archive>/namecoin/classified/namecoin_stale_blocks.csv:53639
225145,00000000000001a3aa38003bb99c2bb16dc48dfcf5542ddf86139e639ff51433,devcoin,80749,928e2f2527bbfe8c2c5d41419fee23a92461b276cede530b69c5a5cef668f70b,internal,0101040028616a0105bdbd8190b0db70d3344988767544972a2fad8732750f1c13162a6e46e0c471a8d631b38c9c2f7ad9307e2cdb8848e538eddc6510b444761943b9a42f3c3c51e242021b00000000,1362902063,1b0242e2,225145,archive_row,<chain-archive>/devcoin/classified/devcoin_stale_blocks.csv,62,1779e3b2bc5cedbb6a5b592e551bd7cb99f1e07fa936bf31f70d559e099bb335,stale,catalogue-and-source-row,source-row,<chain-archive>/devcoin/classified/devcoin_stale_blocks.csv:62,5,catalogue:full-evidence:ixcoin_evidence.csv|observation:<chain-archive>/devcoin/classified/devcoin_stale_blocks.csv:62
225145,00000000000001a3aa38003bb99c2bb16dc48dfcf5542ddf86139e639ff51433,ixcoin,120612,7021347375445339673fdc508baa52a2006aa135cebbd6c468fc34d7576f71a0,internal,010103006a6eb591034d678463a3405131ec8a9a6c33c002a339b5966ce7bb17e1a150b6e4f274ff8d0354e2f190509df101ef9f713ab9596979180d11ee1ec3a2ec4f386f3c3c510303091b00000000,1362902127,1b090303,225145,archive_row,<chain-archive>/ixcoin/classified/ixcoin_stale_blocks.csv,63,d2a69b1cb73617231d5a636d3c3ba9014b0c0e5fe6f094496a24e54c98cecc93,stale,catalogue-and-source-row,source-row,<chain-archive>/ixcoin/classified/ixcoin_stale_blocks.csv:63,5,catalogue:full-evidence:ixcoin_evidence.csv|observation:<chain-archive>/ixcoin/classified/ixcoin_stale_blocks.csv:63
225221,0000000000000386f943ff46dbf220fed2ef2ce55214d6fce868db21507ddc99,namecoin,99535,508b94953e2349f2cd8530c9dee7ab9c01a4bbfdd31fe42ce54949a02e7bb3bc,internal,,1362938816,,,archive_row,<chain-archive>/namecoin/classified/namecoin_stale_blocks.csv,53690,78814420b8fac775e3fa173cbd3c10261808e1f879f20c246957ea03feee19b6,stale,catalogue-active-parent-placement,node-verified-rpc-height,monitor-production:merge_mining_event:651643,6,catalogue:full-evidence:devcoin_evidence.csv|observation:<chain-archive>/namecoin/classified/namecoin_stale_blocks.csv:53690
225221,0000000000000386f943ff46dbf220fed2ef2ce55214d6fce868db21507ddc99,devcoin,80807,eb1d956a102b500b99193b8c539d9e4ef8a66a1df35dec8d4c3fc8c0ea576a4b,internal,01010400e4e5e07511c40b8608f39eab53fa27d02036e55d6585226c4230db4bfab906df27a7d9449f472a9ab5a09c45da03dab09f6f9218d3c721f98e5f534c7c64d491afc83c5155cf011b00000000,1362938031,1b01cf55,225221,archive_row,<chain-archive>/devcoin/classified/devcoin_stale_blocks.csv,63,1779e3b2bc5cedbb6a5b592e551bd7cb99f1e07fa936bf31f70d559e099bb335,stale,catalogue-and-source-row,source-row,<chain-archive>/devcoin/classified/devcoin_stale_blocks.csv:63,6,catalogue:full-evidence:devcoin_evidence.csv|observation:<chain-archive>/devcoin/classified/devcoin_stale_blocks.csv:63
225430,00000000000001468e0b21b62cd0b41ec317eeeaa5afc0a8df43c01180e57f7f,namecoin,99715,46923396134414ab7ff7ced0b514b9d540404b58b34e29706748a1f343d1fc3a,internal,,1363040304,,,archive_row,<chain-archive>/namecoin/classified/namecoin_stale_blocks.csv,53840,78814420b8fac775e3fa173cbd3c10261808e1f879f20c246957ea03feee19b6,stale,catalogue-active-parent-placement,node-verified-rpc-height,monitor-production:merge_mining_event:651823,7,catalogue:full-evidence:ixcoin_evidence.csv|observation:<chain-archive>/namecoin/classified/namecoin_stale_blocks.csv:53840
225430,00000000000001468e0b21b62cd0b41ec317eeeaa5afc0a8df43c01180e57f7f,devcoin,80961,76dfe1774ae332b56f4ea3c72e83e035997a519b2e66f5fbce8d6fc4920016fd,internal,01010400c7b2fee7ec86251adec32c8f5296e3ed7a5380dedfdf7dc5cee7b3e94eb6eeb1d00f0087105ee2cb965658f249e4f53ee61e46ab2c46e8ccafd20ab3a7689d5448583e51e3fd011b00000000,1363040328,1b01fde3,225430,archive_row,<chain-archive>/devcoin/classified/devcoin_stale_blocks.csv,65,1779e3b2bc5cedbb6a5b592e551bd7cb99f1e07fa936bf31f70d559e099bb335,stale,catalogue-and-source-row,source-row,<chain-archive>/devcoin/classified/devcoin_stale_blocks.csv:65,7,catalogue:full-evidence:ixcoin_evidence.csv|observation:<chain-archive>/devcoin/classified/devcoin_stale_blocks.csv:65
225430,00000000000001468e0b21b62cd0b41ec317eeeaa5afc0a8df43c01180e57f7f,ixcoin,121267,89884a66291995d05ca89e66c1a10b36973cfe0addb83d56071f980c74e95dfb,internal,01010300447ba4e8b75029dc511355e01aa4d22f5e92061891c39be84de71fd25341231230a08bc39a7380ddc60651704a850934ae8440c0d38f6bbbb11098178e7a751131583e511710061b00000000,1363040305,1b061017,225430,archive_row,<chain-archive>/ixcoin/classified/ixcoin_stale_blocks.csv,65,d2a69b1cb73617231d5a636d3c3ba9014b0c0e5fe6f094496a24e54c98cecc93,stale,catalogue-and-source-row,source-row,<chain-archive>/ixcoin/classified/ixcoin_stale_blocks.csv:65,7,catalogue:full-evidence:ixcoin_evidence.csv|observation:<chain-archive>/ixcoin/classified/ixcoin_stale_blocks.csv:65
225430,000000000000017c4a0a7be4244a3b2c0dd41f884586ad8de78356a0994e8960,namecoin,99714,772b93b206ff32ae1302191b9545b5abc00b114677a3ce96f50214662f79a148,internal,,1363040171,,,archive_row,<chain-archive>/namecoin/classified/namecoin_stale_blocks.csv,53839,78814420b8fac775e3fa173cbd3c10261808e1f879f20c246957ea03feee19b6,stale,catalogue-active-parent-placement,node-verified-rpc-height,monitor-production:merge_mining_event:651822,8,catalogue:full-evidence:ixcoin_evidence.csv|observation:<chain-archive>/namecoin/classified/namecoin_stale_blocks.csv:53839
225430,000000000000017c4a0a7be4244a3b2c0dd41f884586ad8de78356a0994e8960,devcoin,80960,c7b2fee7ec86251adec32c8f5296e3ed7a5380dedfdf7dc5cee7b3e94eb6eeb1,internal,010104005115cd08511f9de1c5140fa7948192355a16e200ef623045ce75c25c7ab6bb926537b21fc4f0458976d207d0f1bc6a735d2bd85980ed5655a94e8a5d549c1d556f573e515d07021b00000000,1363040111,1b02075d,225430,archive_row,<chain-archive>/devcoin/classified/devcoin_stale_blocks.csv,64,1779e3b2bc5cedbb6a5b592e551bd7cb99f1e07fa936bf31f70d559e099bb335,stale,catalogue-and-source-row,source-row,<chain-archive>/devcoin/classified/devcoin_stale_blocks.csv:64,8,catalogue:full-evidence:ixcoin_evidence.csv|observation:<chain-archive>/devcoin/classified/devcoin_stale_blocks.csv:64
225430,000000000000017c4a0a7be4244a3b2c0dd41f884586ad8de78356a0994e8960,ixcoin,121266,447ba4e8b75029dc511355e01aa4d22f5e92061891c39be84de71fd253412312,internal,01010300a6a849600a844dd6aa03d5ac5fe7763cc5690455ef1f0d1849b9f61c3d538fdcd678c74e78288b1d1d17209dd3a2b672d5ab254f314eb738939e5580256f8fa96e573e511710061b00000000,1363040110,1b061017,225430,archive_row,<chain-archive>/ixcoin/classified/ixcoin_stale_blocks.csv,64,d2a69b1cb73617231d5a636d3c3ba9014b0c0e5fe6f094496a24e54c98cecc93,stale,catalogue-and-source-row,source-row,<chain-archive>/ixcoin/classified/ixcoin_stale_blocks.csv:64,8,catalogue:full-evidence:ixcoin_evidence.csv|observation:<chain-archive>/ixcoin/classified/ixcoin_stale_blocks.csv:64
225464,0000000000000085a485d05c96051ff43ea70b8868d7373df9de771ca65b52c9,namecoin,99771,6d3c40a47204e914e727b3078e30cd1b112b4522611a9c05ab9e30da7221d1a6,internal,,1363073898,,,archive_row,<chain-archive>/namecoin/classified/namecoin_stale_blocks.csv,53888,78814420b8fac775e3fa173cbd3c10261808e1f879f20c246957ea03feee19b6,stale,catalogue-active-parent-placement,node-verified-rpc-height,monitor-production:merge_mining_event:651879,9,catalogue:full-evidence:ixcoin_evidence.csv|observation:<chain-archive>/namecoin/classified/namecoin_stale_blocks.csv:53888
225464,0000000000000085a485d05c96051ff43ea70b8868d7373df9de771ca65b52c9,devcoin,81009,656594edeaa962ed42e5b8f8dde13d3bdaddecda662df449b6c5bcd83685a8f7,internal,01010400ba0addb8fe8b08f3243ff8e22a08c2093972286594777a33ccb1251af880f124843e5f39a29173929f41b0a0702d214dcd0e804d95ae1b54703efa4a2eb382b084dd3e51e7fb011b00000000,1363074436,1b01fbe7,225464,archive_row,<chain-archive>/devcoin/classified/devcoin_stale_blocks.csv,66,1779e3b2bc5cedbb6a5b592e551bd7cb99f1e07fa936bf31f70d559e099bb335,stale,catalogue-and-source-row,source-row,<chain-archive>/devcoin/classified/devcoin_stale_blocks.csv:66,9,catalogue:full-evidence:ixcoin_evidence.csv|observation:<chain-archive>/devcoin/classified/devcoin_stale_blocks.csv:66
225464,0000000000000085a485d05c96051ff43ea70b8868d7373df9de771ca65b52c9,ixcoin,121399,5cb2c237cfa94b568230721783e17bda021282191cd534364f4f50f168ffbae9,internal,01010300b2480c6ee578d461e146db608296f125a82271d3a606a499555e1ed56f4522f6575df851aebc9cf12d17c8d91900734a4875059175da9aea6bb2a736877ea42376dd3e51f6b2051b00000000,1363074422,1b05b2f6,225464,archive_row,<chain-archive>/ixcoin/classified/ixcoin_stale_blocks.csv,66,d2a69b1cb73617231d5a636d3c3ba9014b0c0e5fe6f094496a24e54c98cecc93,stale,catalogue-and-source-row,source-row,<chain-archive>/ixcoin/classified/ixcoin_stale_blocks.csv:66,9,catalogue:full-evidence:ixcoin_evidence.csv|observation:<chain-archive>/ixcoin/classified/ixcoin_stale_blocks.csv:66
226230,000000000000004cf2026785b16399bea2abab0f8b8a82d070ac0db40a06b3cb,namecoin,100567,3c1048c99b17a0ddd8275079c00269744a9710cd339109b5bb24607f67673b7c,internal,,1363468027,,,archive_row,<chain-archive>/namecoin/classified/namecoin_stale_blocks.csv,54523,78814420b8fac775e3fa173cbd3c10261808e1f879f20c246957ea03feee19b6,stale,catalogue-active-parent-placement,node-verified-rpc-height,monitor-production:merge_mining_event:652887,10,catalogue:full-evidence:ixcoin_evidence.csv|observation:<chain-archive>/namecoin/classified/namecoin_stale_blocks.csv:54523
226230,000000000000004cf2026785b16399bea2abab0f8b8a82d070ac0db40a06b3cb,devcoin,81561,bc86ce9ec109d7632c370d31684fa2bd535ee119c42ffa930a7a05c8a2a603be,internal,01010400c6e9dcd58c4bcab8dc501d166dc19b3a57a61c30b1525bc45de394d1a1382a0053c921259866451bcc82d1c34fff94910bb35928dafd7d9092cc409cc6c8cb3816df44516369031b00000000,1363468054,1b036963,226230,archive_row,<chain-archive>/devcoin/classified/devcoin_stale_blocks.csv,67,1779e3b2bc5cedbb6a5b592e551bd7cb99f1e07fa936bf31f70d559e099bb335,stale,catalogue-and-source-row,source-row,<chain-archive>/devcoin/classified/devcoin_stale_blocks.csv:67,10,catalogue:full-evidence:ixcoin_evidence.csv|observation:<chain-archive>/devcoin/classified/devcoin_stale_blocks.csv:67
226230,000000000000004cf2026785b16399bea2abab0f8b8a82d070ac0db40a06b3cb,ixcoin,122307,3aed9a9577a5d2f6fbd0a8b0f0ad8f12f81288b83a1a8ed514cb0fd0c297d08c,internal,010103002fb21446eb5fc039b17c7b8a8ac108f82f1812b744df213815c42bebd359431804feecfd6510da8bbaa7a5998daa8b53c50da51c476408576e13959a04c41d9615df4451dfd2051b00000000,1363468053,1b05d2df,226230,archive_row,<chain-archive>/ixcoin/classified/ixcoin_stale_blocks.csv,67,d2a69b1cb73617231d5a636d3c3ba9014b0c0e5fe6f094496a24e54c98cecc93,stale,catalogue-and-source-row,source-row,<chain-archive>/ixcoin/classified/ixcoin_stale_blocks.csv:67,10,catalogue:full-evidence:ixcoin_evidence.csv|observation:<chain-archive>/ixcoin/classified/ixcoin_stale_blocks.csv:67
226845,00000000000000c37c3327de7555db3e3dbe91cbe0294e532f8a32574d5b997d,namecoin,101111,433d9e46c4a7c2d073f4b1650ee046e99bb807ebcb6d716da6fa1e743069134b,internal,,1363749919,,,archive_row,<chain-archive>/namecoin/classified/namecoin_stale_blocks.csv,54981,78814420b8fac775e3fa173cbd3c10261808e1f879f20c246957ea03feee19b6,stale,catalogue-active-parent-placement,node-verified-rpc-height,monitor-production:merge_mining_event:653431,11,catalogue:full-evidence:devcoin_evidence.csv|observation:<chain-archive>/namecoin/classified/namecoin_stale_blocks.csv:54981
226845,00000000000000c37c3327de7555db3e3dbe91cbe0294e532f8a32574d5b997d,devcoin,82009,bc0459218fda6de1bc0e05d8fb222f05454d952a7a6017a9e17987fb525b486d,internal,010104001abe9af97f4ecfdd8752535f0e51d64651f6827a3a7ffb47f26ffb0e301a2439d0d9f5c384025acb7aabd5fa3dc0ba8dcd0d850da2f15f8c5e801aa069c3d6f0be2949519589021b00000000,1363749310,1b028995,226845,archive_row,<chain-archive>/devcoin/classified/devcoin_stale_blocks.csv,68,1779e3b2bc5cedbb6a5b592e551bd7cb99f1e07fa936bf31f70d559e099bb335,stale,catalogue-and-source-row,source-row,<chain-archive>/devcoin/classified/devcoin_stale_blocks.csv:68,11,catalogue:full-evidence:devcoin_evidence.csv|observation:<chain-archive>/devcoin/classified/devcoin_stale_blocks.csv:68
226895,000000000000030a6d0a4a0c91af3610843d170594eac75cc8a0e16390ba9559,namecoin,101158,a2508330f28ad7d8964df81745e1a450af0806226495412ee1e4e4c859b5ce29,internal,,1363770774,,,archive_row,<chain-archive>/namecoin/classified/namecoin_stale_blocks.csv,55024,78814420b8fac775e3fa173cbd3c10261808e1f879f20c246957ea03feee19b6,stale,catalogue-active-parent-placement,node-verified-rpc-height,monitor-production:merge_mining_event:653478,12,catalogue:full-evidence:ixcoin_evidence.csv|observation:<chain-archive>/namecoin/classified/namecoin_stale_blocks.csv:55024
226895,000000000000030a6d0a4a0c91af3610843d170594eac75cc8a0e16390ba9559,devcoin,82041,d701cf6df82182a54247f8029e2f8dc09f090f5e096cede93a48dd96a31fd47d,internal,0101040049e26ec9674ec4379332081fe1a7422ef18fab2fc3f5ce3245b1ebef88d9fc6523078a428d3f35f1654dd284c1666da2bd467a43ff9c9dd717682f2cdeb2597e7d7d49512673021b00000000,1363770749,1b027326,226895,archive_row,<chain-archive>/devcoin/classified/devcoin_stale_blocks.csv,69,1779e3b2bc5cedbb6a5b592e551bd7cb99f1e07fa936bf31f70d559e099bb335,stale,catalogue-and-source-row,source-row,<chain-archive>/devcoin/classified/devcoin_stale_blocks.csv:69,12,catalogue:full-evidence:ixcoin_evidence.csv|observation:<chain-archive>/devcoin/classified/devcoin_stale_blocks.csv:69
226895,000000000000030a6d0a4a0c91af3610843d170594eac75cc8a0e16390ba9559,ixcoin,123067,ad4be24a5eb2e2327df6bc0c5004936b7dd6d3660f7fb3ecef30a6c59735d3f1,internal,01010300b85255534b2054921a7ba22b9d8bce8de210c9fd2cf4630fffe783d228017e9563464e3a15de351a173fe1462adbcb3efa3f6082822ad393c9901b556b96008e8e7d49519e0c051b00000000,1363770766,1b050c9e,226895,archive_row,<chain-archive>/ixcoin/classified/ixcoin_stale_blocks.csv,68,d2a69b1cb73617231d5a636d3c3ba9014b0c0e5fe6f094496a24e54c98cecc93,stale,catalogue-and-source-row,source-row,<chain-archive>/ixcoin/classified/ixcoin_stale_blocks.csv:68,12,catalogue:full-evidence:ixcoin_evidence.csv|observation:<chain-archive>/ixcoin/classified/ixcoin_stale_blocks.csv:68
226912,00000000000000a34d399a3cb82e222fad8e73e465b905e333ada1662c61e0e0,namecoin,101169,96d6ada72e9a09b16f28dc379476ab94be7ff79b334bbf5840b51a874bc0a346,internal,,1363777754,,,archive_row,<chain-archive>/namecoin/classified/namecoin_stale_blocks.csv,55033,78814420b8fac775e3fa173cbd3c10261808e1f879f20c246957ea03feee19b6,stale,catalogue-active-parent-placement,node-verified-rpc-height,monitor-production:merge_mining_event:653489,13,catalogue:full-evidence:ixcoin_evidence.csv|observation:<chain-archive>/namecoin/classified/namecoin_stale_blocks.csv:55033
226912,00000000000000a34d399a3cb82e222fad8e73e465b905e333ada1662c61e0e0,devcoin,82055,7a9505c3fbaa74df8b0b28dd8e69c84e6939ef3d2012c04c2d2068baca837777,internal,010104008463a8d9e8e31552f6070b44a09019a6242cd501e947bb94002a6f632314c669c279e4ed90f89c5b09e1578287a629488f55cdc64fba55a617d1810c986b621ecb9849511460021b00000000,1363777739,1b026014,226912,archive_row,<chain-archive>/devcoin/classified/devcoin_stale_blocks.csv,70,1779e3b2bc5cedbb6a5b592e551bd7cb99f1e07fa936bf31f70d559e099bb335,stale,catalogue-and-source-row,source-row,<chain-archive>/devcoin/classified/devcoin_stale_blocks.csv:70,13,catalogue:full-evidence:ixcoin_evidence.csv|observation:<chain-archive>/devcoin/classified/devcoin_stale_blocks.csv:70
226912,00000000000000a34d399a3cb82e222fad8e73e465b905e333ada1662c61e0e0,ixcoin,123093,3583da921cc8251843bc77c6b4e97c28a0741ce2b4ff2c3e52d7a02b13a22364,internal,01010300c5577918c001b292902ab13c55dc5c332866e27323df0fdd42e1003c58a838cd9e9254998563bc6de120417204f8ec88b7d76355c070253602b4593346bdad7cb79849519e0c051b00000000,1363777719,1b050c9e,226912,archive_row,<chain-archive>/ixcoin/classified/ixcoin_stale_blocks.csv,69,d2a69b1cb73617231d5a636d3c3ba9014b0c0e5fe6f094496a24e54c98cecc93,stale,catalogue-and-source-row,source-row,<chain-archive>/ixcoin/classified/ixcoin_stale_blocks.csv:69,13,catalogue:full-evidence:ixcoin_evidence.csv|observation:<chain-archive>/ixcoin/classified/ixcoin_stale_blocks.csv:69
229388,00000000000000329b2b44eca61829f13c94bbafb35022f13e49ffff279e3f03,namecoin,103543,e7bcfe1df6cf3609019080db2addd608bad5e2616d25b3c7fd8d7f3879a4a684,internal,,1364965116,,229426,archive_row,<chain-archive>/namecoin/classified/namecoin_stale_blocks.csv,57036,78814420b8fac775e3fa173cbd3c10261808e1f879f20c246957ea03feee19b6,stale,catalogue-corrected-source-height,node-verified-rpc-height,monitor-production:merge_mining_event:655967,14,catalogue:upstream-stale-blocks:stale-blocks.csv|observation:<chain-archive>/namecoin/classified/namecoin_stale_blocks.csv:57036
229388,000000000000008af04b94d8286fe0e8d0aea3b2f35e758ef1e73e153169fa58,namecoin,103541,682e86edd22b96bd9765910946bcc58555ddfce60586478b3a677ac84c6c2309,internal,,1364964071,,229425,archive_row,<chain-archive>/namecoin/classified/namecoin_stale_blocks.csv,57034,78814420b8fac775e3fa173cbd3c10261808e1f879f20c246957ea03feee19b6,stale,catalogue-corrected-source-height,node-verified-rpc-height,monitor-production:merge_mining_event:655965,15,catalogue:upstream-stale-blocks:stale-blocks.csv|observation:<chain-archive>/namecoin/classified/namecoin_stale_blocks.csv:57034
229388,00000000000001365d20401c25e9c8c1bc1570f99a943bc1575b20e16d77a18c,namecoin,103577,d3c85db61d1d32dbca644d75831e5ca5bddb95e98e3f7bf99957cba06f00819f,internal,,1364979601,,229457,archive_row,<chain-archive>/namecoin/classified/namecoin_stale_blocks.csv,57066,78814420b8fac775e3fa173cbd3c10261808e1f879f20c246957ea03feee19b6,stale,catalogue-corrected-source-height,node-verified-rpc-height,monitor-production:merge_mining_event:656001,16,catalogue:upstream-stale-blocks:stale-blocks.csv|observation:<chain-archive>/namecoin/classified/namecoin_stale_blocks.csv:57066
229388,00000000000001fb5262fee5a4b0e93f1274226980cc0893dcaa9dd9e1187f95,namecoin,103522,1dc395e5ace1a0fc09556544011d1b8ebc2b49c1573dceffc89ec03b0260933f,internal,,1364956453,,229405,archive_row,<chain-archive>/namecoin/classified/namecoin_stale_blocks.csv,57018,78814420b8fac775e3fa173cbd3c10261808e1f879f20c246957ea03feee19b6,stale,catalogue-corrected-source-height,node-verified-rpc-height,monitor-production:merge_mining_event:655946,17,catalogue:upstream-stale-blocks:stale-blocks.csv|observation:<chain-archive>/namecoin/classified/namecoin_stale_blocks.csv:57018
229388,0000000000000239bfc9b6f400b5b02ab401077bdc470d082e3da34276925cc8,namecoin,103588,1604dff932815756a90ee2d0125bfd6803d30e68878d3c4f44fdefb1ad6483d4,internal,,1364986963,,229471,archive_row,<chain-archive>/namecoin/classified/namecoin_stale_blocks.csv,57075,78814420b8fac775e3fa173cbd3c10261808e1f879f20c246957ea03feee19b6,stale,catalogue-corrected-source-height,node-verified-rpc-height,monitor-production:merge_mining_event:656012,18,catalogue:upstream-stale-blocks:stale-blocks.csv|observation:<chain-archive>/namecoin/classified/namecoin_stale_blocks.csv:57075
229388,000000000000024fc7ce00ec89295323699886784960f68a04f4a4871b61caa8,namecoin,103624,c17dc80c9c9884aaf19dd56752ee7ebc40cd3e7264f0d25a5b264b7bd4e6c271,internal,,1365002734,,229506,archive_row,<chain-archive>/namecoin/classified/namecoin_stale_blocks.csv,57108,78814420b8fac775e3fa173cbd3c10261808e1f879f20c246957ea03feee19b6,stale,catalogue-corrected-source-height,node-verified-rpc-height,monitor-production:merge_mining_event:656053,19,catalogue:upstream-stale-blocks:stale-blocks.csv|observation:<chain-archive>/namecoin/classified/namecoin_stale_blocks.csv:57108
277975,0000000000000000de6f0b2978aa2b268cb9a54c5de6d21f97d17c6b0ff0ac3f,namecoin,154429,2607357a4dda898737ef369c06752d975239e8997667cfab03cfa81ec1304ae2,internal,,1388523641,,277975,archive_row,<chain-archive>/namecoin/classified/namecoin_stale_blocks.csv,84702,78814420b8fac775e3fa173cbd3c10261808e1f879f20c246957ea03feee19b6,stale,catalogue-and-source-row,node-verified-rpc-height,monitor-production:merge_mining_event:710662,20,catalogue:full-evidence:ixcoin_evidence.csv|observation:<chain-archive>/namecoin/classified/namecoin_stale_blocks.csv:84702
277975,0000000000000000de6f0b2978aa2b268cb9a54c5de6d21f97d17c6b0ff0ac3f,devcoin,120059,ae4d1e3d2920b29371aad3a3e7e20287e3b911525c6e776258237221b66cb320,internal,01010400b648b8637e37ab1ff24cd51b1f8fe7b6bb71fb5cd99376a1bef50aef1d5728309739d38ed7f9fd09b97badb10dcb0110a19992b7cceb4dc801cf54e1af5976c33330c3521b84071900000000,1388523571,1907841b,277975,archive_row,<chain-archive>/devcoin/classified/devcoin_stale_blocks.csv,202,1779e3b2bc5cedbb6a5b592e551bd7cb99f1e07fa936bf31f70d559e099bb335,stale,catalogue-and-source-row,source-row,<chain-archive>/devcoin/classified/devcoin_stale_blocks.csv:202,20,catalogue:full-evidence:ixcoin_evidence.csv|observation:<chain-archive>/devcoin/classified/devcoin_stale_blocks.csv:202
277975,0000000000000000de6f0b2978aa2b268cb9a54c5de6d21f97d17c6b0ff0ac3f,ixcoin,181126,504268e9797b73f4b3b1f85f8f7246046f65ee9e3e6cfcb2c84bc57e259ca2a6,internal,01010300ff41e731043c8e5706c31dd8c91798da3cd5199dbf336d3e072e5a4b8d8d10e133ceaf70da4ffd18f761bdce7e8d5f845ef1ccfd0fbe3229911805f67d9fc804b42fc3522b75091900000000,1388523444,1909752b,277975,archive_row,<chain-archive>/ixcoin/classified/ixcoin_stale_blocks.csv,198,d2a69b1cb73617231d5a636d3c3ba9014b0c0e5fe6f094496a24e54c98cecc93,stale,catalogue-and-source-row,source-row,<chain-archive>/ixcoin/classified/ixcoin_stale_blocks.csv:198,20,catalogue:full-evidence:ixcoin_evidence.csv|observation:<chain-archive>/ixcoin/classified/ixcoin_stale_blocks.csv:198
331735,000000000000000010d43fb3f8d02cab156f333f2bfc172de9e6d87359118a1a,namecoin,207232,31fff31eb89edebeda9af8f9eb1f6c0e5413566b19b4e0f0a689baf454db1faa,internal,,1417032681,,331736,archive_row,<chain-archive>/namecoin/classified/namecoin_stale_blocks.csv,102430,78814420b8fac775e3fa173cbd3c10261808e1f879f20c246957ea03feee19b6,stale,catalogue-corrected-source-height,node-verified-rpc-height,monitor-production:merge_mining_event:767729,23,catalogue:full-evidence:ixcoin_evidence.csv|observation:<chain-archive>/namecoin/classified/namecoin_stale_blocks.csv:102430
331735,000000000000000010d43fb3f8d02cab156f333f2bfc172de9e6d87359118a1a,devcoin,163460,2eac7459e1b8f1bd9aae81b173891e7b8df43675ed4234ade3267ba1851c5312,internal,01010400b85cf26bc29272399c2f904f2fb36d3f05b7203ef1615d95ce60e02c52b45adf859b644f31b0ff8537ec07b06a8edd1a1ae6b5b1aadd455e79252fc44571ae03e9337654f86a351800000000,1417032681,18356af8,331735,archive_row,<chain-archive>/devcoin/classified/devcoin_stale_blocks.csv,406,1779e3b2bc5cedbb6a5b592e551bd7cb99f1e07fa936bf31f70d559e099bb335,stale,catalogue-and-source-row,source-row,<chain-archive>/devcoin/classified/devcoin_stale_blocks.csv:406,23,catalogue:full-evidence:ixcoin_evidence.csv|observation:<chain-archive>/devcoin/classified/devcoin_stale_blocks.csv:406
331735,000000000000000010d43fb3f8d02cab156f333f2bfc172de9e6d87359118a1a,ixcoin,234279,34c39166db668c236aebe1c002ad3052dd8f9971ae287c097aa9afe2e6a5c09e,internal,01010300e9f7bd989f4e6a68be9a694f3077490fabc670a0996e87b9342245b443efc5d1343c3df28ad10df76ff945d17e442f94c4ac110a79459023673a5d2acf4ebd3ee9337654f8f93d1800000000,1417032681,183df9f8,331735,archive_row,<chain-archive>/ixcoin/classified/ixcoin_stale_blocks.csv,404,d2a69b1cb73617231d5a636d3c3ba9014b0c0e5fe6f094496a24e54c98cecc93,stale,catalogue-and-source-row,source-row,<chain-archive>/ixcoin/classified/ixcoin_stale_blocks.csv:404,23,catalogue:full-evidence:ixcoin_evidence.csv|observation:<chain-archive>/ixcoin/classified/ixcoin_stale_blocks.csv:404
363967,00000000000000000954ed93eda1e79e8261137548fa9ccf4d516bb384a3660b,namecoin,237930,e7d3fe46b6b38fa84cc2f42554905708cb81e6ac967c5a324ee7bfa0c448e027,internal,,1436113379,,363967,archive_row,<chain-archive>/namecoin/classified/namecoin_stale_blocks.csv,121981,78814420b8fac775e3fa173cbd3c10261808e1f879f20c246957ea03feee19b6,stale,catalogue-and-source-row,node-verified-rpc-height,monitor-production:merge_mining_event:801139,24,catalogue:namecoin-node-auxpow:nmc:237930|observation:<chain-archive>/namecoin/classified/namecoin_stale_blocks.csv:121981
364341,000000000000000012aac0664cd8b6cbc3ea485921a05f2c4340f928b0226d3c,namecoin,238279,4292ae63f7155eb30bc8dd0afbf961c1f6d07f35e93433d0e9dd936193876cfc,internal,,1436322802,,364341,archive_row,<chain-archive>/namecoin/classified/namecoin_stale_blocks.csv,122250,78814420b8fac775e3fa173cbd3c10261808e1f879f20c246957ea03feee19b6,stale,catalogue-and-source-row,node-verified-rpc-height,monitor-production:merge_mining_event:801489,25,catalogue:full-evidence:ixcoin_evidence.csv|observation:<chain-archive>/namecoin/classified/namecoin_stale_blocks.csv:122250
364341,000000000000000012aac0664cd8b6cbc3ea485921a05f2c4340f928b0226d3c,devcoin,192332,4b530708612ac7fbdba38c0bd3697145bd7c8568d86784f20b1eff11eafb3526,internal,010104006db47708b4ec2f815af8bae59413f6f2b71eaac554d51bf6e43d4ee253466f91aacae1ed9c559a3b06bd42497a3defce8e78fddc5e70fe2c289606793854b343f58a9c55cb62031900000000,1436322549,190362cb,364341,archive_row,<chain-archive>/devcoin/classified/devcoin_stale_blocks.csv,441,1779e3b2bc5cedbb6a5b592e551bd7cb99f1e07fa936bf31f70d559e099bb335,stale,catalogue-and-source-row,source-row,<chain-archive>/devcoin/classified/devcoin_stale_blocks.csv:441,25,catalogue:full-evidence:ixcoin_evidence.csv|observation:<chain-archive>/devcoin/classified/devcoin_stale_blocks.csv:441
364341,000000000000000012aac0664cd8b6cbc3ea485921a05f2c4340f928b0226d3c,ixcoin,268098,975f98de9e5d3b82be7894059d84f6640a6ae6410cdde4a1109eebbe092a90dc,internal,01010300f73a32bbd472836d36d5b5cdd3c3d1596733ce93819db1daa3b039d4e400fbbe3247a15e209469719d5914c6e023ff321ce9127626660712c8cd26473283d53ce58b9c557e8c7e1800000000,1436322789,187e8c7e,364341,archive_row,<chain-archive>/ixcoin/classified/ixcoin_stale_blocks.csv,467,d2a69b1cb73617231d5a636d3c3ba9014b0c0e5fe6f094496a24e54c98cecc93,stale,catalogue-and-source-row,source-row,<chain-archive>/ixcoin/classified/ixcoin_stale_blocks.csv:467,25,catalogue:full-evidence:ixcoin_evidence.csv|observation:<chain-archive>/ixcoin/classified/ixcoin_stale_blocks.csv:467
367047,00000000000000000f93ba8faf8bb018c7db642e30391748860cbfa5803a32a4,namecoin,241087,986385aee59ab6384f40f50ec2fcc20b6536cd7c0f550c22d362ced57c2d3853,internal,,1437915611,,367047,archive_row,<chain-archive>/namecoin/classified/namecoin_stale_blocks.csv,124357,78814420b8fac775e3fa173cbd3c10261808e1f879f20c246957ea03feee19b6,stale,catalogue-and-source-row,node-verified-rpc-height,monitor-production:merge_mining_event:804629,26,catalogue:full-evidence:i0coin_evidence.csv|observation:<chain-archive>/namecoin/classified/namecoin_stale_blocks.csv:124357
367047,00000000000000000f93ba8faf8bb018c7db642e30391748860cbfa5803a32a4,devcoin,194759,0b0d65a3d2b7bd6ba2124603208eb4fe388ba2436cbc693e2ec9c2b10f67810a,internal,010104006b8bfb7f1d7cbd5b34eee74e70d26abf48ee5a86b230aa0e2c2b0c02fb9387dd7dd3e422e31702fefaa26b4e70ab9c578286d1edcfaee8a590366e527545da2a8cd9b45512d1021900000000,1437915532,1902d112,367047,archive_row,<chain-archive>/devcoin/classified/devcoin_stale_blocks.csv,442,1779e3b2bc5cedbb6a5b592e551bd7cb99f1e07fa936bf31f70d559e099bb335,stale,catalogue-and-source-row,source-row,<chain-archive>/devcoin/classified/devcoin_stale_blocks.csv:442,26,catalogue:full-evidence:i0coin_evidence.csv|observation:<chain-archive>/devcoin/classified/devcoin_stale_blocks.csv:442
367047,00000000000000000f93ba8faf8bb018c7db642e30391748860cbfa5803a32a4,i0coin,1546542,f2f176b78b13f7bb9f84028fff8806ee38ce907134a195e85f269b0ac83bf15b,internal,010102002d9a0b4ae23de80a62b3f44015b50d63bd1d8e041a16fba7cd969b4c5dbe2ca211c69033dda8d64a25191f6194d5df44d280e7ac6a937c302ec1f7e7ba14ce48c3d9b4557ffb011a00000000,1437915587,1a01fb7f,367047,archive_row,<chain-archive>/i0coin/classified/i0coin_stale_blocks.csv,155,64f42ece419c709f6c2b65ebdf70bc66ddbf66cd31654f7c766c285442a82322,stale,catalogue-and-source-row,accepted-recovery-companion,<chain-archive>/i0coin/classified/i0coin_stale_blocks.csv:155,26,catalogue:full-evidence:i0coin_evidence.csv|observation:<chain-archive>/i0coin/classified/i0coin_stale_blocks.csv:155
367047,00000000000000000f93ba8faf8bb018c7db642e30391748860cbfa5803a32a4,groupcoin,180938,024358e1b5d56f85c094db7f3f4f46a0c8bff887f832e36216a6ade1dee707a9,internal,010105001597e1749664b5f9d2cbc722676ba7544f00335f8ce35c3e5e4b74fc0ba8bf02901687ed35e52eb5b99e2afb7edb59cdd9ef27116ce2953a4f7c5d9d3094ebbdd2d9b455f44a021a00000000,1437915602,1a024af4,367047,archive_row,<chain-archive>/groupcoin/classified/groupcoin_stale_blocks.csv,32,7136c59a47640247f3dec6af698188cb3d248d6a5bac3eab9e9af1cc60669748,stale,catalogue-and-source-row,source-row,<chain-archive>/groupcoin/classified/groupcoin_stale_blocks.csv:32,26,catalogue:full-evidence:i0coin_evidence.csv|observation:<chain-archive>/groupcoin/classified/groupcoin_stale_blocks.csv:32
367047,00000000000000000f93ba8faf8bb018c7db642e30391748860cbfa5803a32a4,unobtanium,637957,4f612c5632fc4cdb00f59095e16d702c6f5e400261b30b45e3fe9c5019873afe,internal,03017500a6ad998bf971bca3ae3823fa9d39d286764e5baaad1dfca460ce72d666ed5889b1c993be66cf4eb570f2e02a7fcb3a2e2e28a81df315bc56e00ad249a975432bffd9b455d952621900000000,1437915647,196252d9,367047,archive_row,<chain-archive>/unobtanium/classified/unobtanium_stale_blocks.csv,2,6f42f2a3cc1302150639976976b46746a56e4b7686e83f007d0f0755eacf653e,stale,catalogue-and-source-row,source-row,<chain-archive>/unobtanium/classified/unobtanium_stale_blocks.csv:2,26,catalogue:full-evidence:i0coin_evidence.csv|observation:<chain-archive>/unobtanium/classified/unobtanium_stale_blocks.csv:2
380992,0000000000000000084ee972bfe620224e6893448a9001d2b1f236ede0423779,namecoin,255293,4704c58b557fde9e3bef9f6d3f67eb4e1f2b39d59eaa76134d368ab7a3edd8c4,internal,,1446069661,,380992,archive_row,<chain-archive>/namecoin/classified/namecoin_stale_blocks.csv,134352,78814420b8fac775e3fa173cbd3c10261808e1f879f20c246957ea03feee19b6,stale,catalogue-and-source-row,node-verified-rpc-height,monitor-production:merge_mining_event:820010,27,catalogue:upstream-stale-blocks:stale-blocks.csv|observation:<chain-archive>/namecoin/classified/namecoin_stale_blocks.csv:134352
383540,000000000000000009c55c7e380b7600a2966de1b79230c74212d9c45a91a50b,namecoin,257852,e28ab4555e02ef3a95f53ce502bbcff8c717f64611d8f4e35bd10c57980975ea,internal,,1447509676,,383539,archive_row,<chain-archive>/namecoin/classified/namecoin_stale_blocks.csv,136105,78814420b8fac775e3fa173cbd3c10261808e1f879f20c246957ea03feee19b6,stale,catalogue-corrected-source-height,node-verified-rpc-height,monitor-production:merge_mining_event:822779,28,catalogue:upstream-stale-blocks:stale-blocks.csv|observation:<chain-archive>/namecoin/classified/namecoin_stale_blocks.csv:136105
389043,00000000000000000306ea979ad487157d2950081413eb9d2dca82060f1b89b2,namecoin,263217,d0ef021572390c0b3c8a7872530139605c23d3f66feecb0844aca55c6f65d620,internal,,1450447692,,389043,archive_row,<chain-archive>/namecoin/classified/namecoin_stale_blocks.csv,139751,78814420b8fac775e3fa173cbd3c10261808e1f879f20c246957ea03feee19b6,stale,catalogue-and-source-row,node-verified-rpc-height,monitor-production:merge_mining_event:828686,29,catalogue:namecoin-node-auxpow:nmc:263217|observation:<chain-archive>/namecoin/classified/namecoin_stale_blocks.csv:139751
543804,0000000000000000000c958fe3563e7e3ecda8e35e6d6ecce4d5693cec1f1918,namecoin,419550,9a29820e80256d7f523cd053b7740aac084066dd031b5e931a3e71fad88966ee,internal,,1538335419,,543804,archive_row,<chain-archive>/namecoin/classified/namecoin_stale_blocks.csv,213342,78814420b8fac775e3fa173cbd3c10261808e1f879f20c246957ea03feee19b6,stale,catalogue-and-source-row,node-verified-rpc-height,monitor-production:merge_mining_event:998887,32,catalogue:full-evidence:rsk_evidence.csv (coinbase from committed error-blocks dataset)|observation:<chain-archive>/namecoin/classified/namecoin_stale_blocks.csv:213342
543804,0000000000000000000c958fe3563e7e3ecda8e35e6d6ecce4d5693cec1f1918,rsk,789982,7e26d8a3de73a67b4bbe35bfd0763556504ef02ee5eb84e15c1c99024a6a0077,display,,1538335566,,543804,archive_row,<chain-archive>/rsk/classified/rsk_stale_blocks.csv,9,8968016552a69f50608940cfe9978f039d913b17e9cd7d1f16dd1b2fa506229f,stale,catalogue-and-source-row,source-row,monitor-production:merge_mining_event:7589548,32,catalogue:full-evidence:rsk_evidence.csv (coinbase from committed error-blocks dataset)|observation:<chain-archive>/rsk/classified/rsk_stale_blocks.csv:9
544024,0000000000000000001ac59b46b44a9e525bc03a5cd2e138a8ae684445fa6ed8,namecoin,419759,71a64196cc9bf451a9d496df3863cbd78ef45cae7260b6780d5f36bea9fda0ce,internal,,1538455676,,544024,archive_row,<chain-archive>/namecoin/classified/namecoin_stale_blocks.csv,213394,78814420b8fac775e3fa173cbd3c10261808e1f879f20c246957ea03feee19b6,stale,catalogue-and-source-row,node-verified-rpc-height,monitor-production:merge_mining_event:999096,33,catalogue:full-evidence:rsk_evidence.csv (coinbase from committed error-blocks dataset)|observation:<chain-archive>/namecoin/classified/namecoin_stale_blocks.csv:213394
544024,0000000000000000001ac59b46b44a9e525bc03a5cd2e138a8ae684445fa6ed8,rsk,793596,9820cd4d8c71156858576c8fb33c1d26acf4a35f6759be6992d20aa34380854c,display,,1538456260,,544024,archive_row,<chain-archive>/rsk/classified/rsk_stale_blocks.csv,12,8968016552a69f50608940cfe9978f039d913b17e9cd7d1f16dd1b2fa506229f,stale,catalogue-and-source-row,source-row,monitor-production:merge_mining_event:7598886,33,catalogue:full-evidence:rsk_evidence.csv (coinbase from committed error-blocks dataset)|observation:<chain-archive>/rsk/classified/rsk_stale_blocks.csv:12
544024,0000000000000000001ffb5988298bfc9f528f9a47e6062ebe8a01177af25d21,namecoin,419757,02cf4f65d0b7c99fd214d3b77708f789e00141eac965c79d8953e3ade6b5b400,internal,,1538452868,,544024,archive_row,<chain-archive>/namecoin/classified/namecoin_stale_blocks.csv,213392,78814420b8fac775e3fa173cbd3c10261808e1f879f20c246957ea03feee19b6,stale,catalogue-and-source-row,node-verified-rpc-height,monitor-production:merge_mining_event:999094,34,catalogue:full-evidence:rsk_evidence.csv (coinbase from committed error-blocks dataset)|observation:<chain-archive>/namecoin/classified/namecoin_stale_blocks.csv:213392
544024,0000000000000000001ffb5988298bfc9f528f9a47e6062ebe8a01177af25d21,rsk,793505,10c113540401f22983c36bfa6f83165c5b0986589a0653cd4ba41cec337dfac0,display,,1538453154,,544024,archive_row,<chain-archive>/rsk/classified/rsk_stale_blocks.csv,11,8968016552a69f50608940cfe9978f039d913b17e9cd7d1f16dd1b2fa506229f,stale,catalogue-and-source-row,source-row,monitor-production:merge_mining_event:7598562,34,catalogue:full-evidence:rsk_evidence.csv (coinbase from committed error-blocks dataset)|observation:<chain-archive>/rsk/classified/rsk_stale_blocks.csv:11
544600,000000000000000000188a6aecb603cb6a068ad236f925255a491124b5c5dc8a,namecoin,420338,5da62c94e827a05f8460452cdfb688138c7194f09b2245690596a399022b9288,internal,,1538820381,,544600,archive_row,<chain-archive>/namecoin/classified/namecoin_stale_blocks.csv,213550,78814420b8fac775e3fa173cbd3c10261808e1f879f20c246957ea03feee19b6,stale,catalogue-and-source-row,node-verified-rpc-height,monitor-production:merge_mining_event:999780,35,catalogue:full-evidence:rsk_evidence.csv (coinbase from committed error-blocks dataset)|observation:<chain-archive>/namecoin/classified/namecoin_stale_blocks.csv:213550
544600,000000000000000000188a6aecb603cb6a068ad236f925255a491124b5c5dc8a,rsk,804553,9cb1fa3f08b969d76fabe6971c880416e0650bd9decdda956bb1101b036a12f3,display,,1538820886,,544600,archive_row,<chain-archive>/rsk/classified/rsk_stale_blocks.csv,13,8968016552a69f50608940cfe9978f039d913b17e9cd7d1f16dd1b2fa506229f,stale,catalogue-and-source-row,source-row,monitor-production:merge_mining_event:7627028,35,catalogue:full-evidence:rsk_evidence.csv (coinbase from committed error-blocks dataset)|observation:<chain-archive>/rsk/classified/rsk_stale_blocks.csv:13
649674,00000000000000000008c80c1f8c101f8aa1fabd59d63ab1350bd1d5dba425e6,hathor,756587,e625a4dbd5d10b35b13ad659bdfaa18a1f108c1f0cc808000000000000000000,internal,,1600895133,,649674,sealed_classifier_row,<chain-archive>/hathor/classified/hathor_error_blocks.csv,2,cc9904886e66886b665ce260b56c17d2b26c53abb8a610125c142094ff94ddb4,error_block,catalogue-and-source-row,sealed-classifier-row,<chain-archive>/hathor/classified/hathor_error_blocks.csv:2,32,catalogue:classifier-emitted:hathor:cc9904886e66886b665ce260b56c17d2b26c53abb8a610125c142094ff94ddb4|observation:<chain-archive>/hathor/classified/hathor_error_blocks.csv:2
717696,0000000000000000000045c5040bf46b4cd6c6f8f4004c149cd602e4e356e71c,emercoin,518861,50397b4f3f1c425bafa037c780e983d909d6872e075dd74a62088791b9ee164e,internal,08019a027023fa433164b011f9defc077112043feaddb6bc98a92c6314a4ca6667c3564edc7ab7b15018ebdceb93bcbf593da233ec220dd9a0523e4f055f5e0624ba33ecd53fd961b66e0e1700000000,1641627605,170e6eb6,717696,archive_row,<chain-archive>/emercoin/classified/emercoin_stale_blocks.csv,97,a070704e5d664a46dbdca2079d41d269fb3057955c6aba407ae53f4155b078fc,stale,catalogue-and-source-row,source-row,<chain-archive>/emercoin/classified/emercoin_stale_blocks.csv:97,37,catalogue:sweep-rejected-rows:emercoin:emercoin_stale_blocks.csv|syscoin:syscoin_stale_blocks.csv|witness-ledger-reconciliation:namecoin:<chain-archive>/namecoin/classified/namecoin_stale_blocks.csv:253567:sha256=78814420b8fac775e3fa173cbd3c10261808e1f879f20c246957ea03feee19b6|elastos:<chain-archive>/elastos/classified/elastos_stale_blocks.csv:108:sha256=a2fbdd703cd8a8d29a4d316b50c6d7940fc5c401debad266b9a5248380555e35|observation:<chain-archive>/emercoin/classified/emercoin_stale_blocks.csv:97
717696,0000000000000000000045c5040bf46b4cd6c6f8f4004c149cd602e4e356e71c,syscoin,1336057,252aa34114ee123535d768859c9ae1426b323358c53cf9ef07fc761faf699b48,internal,,1641627642,,717696,archive_row,<chain-archive>/syscoin/classified/syscoin_stale_blocks.csv,32,4c8e9bb8ecea5a44dbfe0feb0eb98ea77d17e7b3b97195b151d0cb12dc4d9849,stale,catalogue-and-source-row,source-row,monitor-production:merge_mining_event:2836045,37,catalogue:sweep-rejected-rows:emercoin:emercoin_stale_blocks.csv|syscoin:syscoin_stale_blocks.csv|witness-ledger-reconciliation:namecoin:<chain-archive>/namecoin/classified/namecoin_stale_blocks.csv:253567:sha256=78814420b8fac775e3fa173cbd3c10261808e1f879f20c246957ea03feee19b6|elastos:<chain-archive>/elastos/classified/elastos_stale_blocks.csv:108:sha256=a2fbdd703cd8a8d29a4d316b50c6d7940fc5c401debad266b9a5248380555e35|observation:<chain-archive>/syscoin/classified/syscoin_stale_blocks.csv:32
789038,0000000000000000000291349d44e756df07ce08d848df0ca0bbd9884af393ed,namecoin,664459,6a63ca3d1ae091679fe5aeb42646390316220481303be8a4a581ce1d7aa6a84c,internal,,1683700617,,789039,archive_row,<chain-archive>/namecoin/classified/namecoin_stale_blocks.csv,278727,78814420b8fac775e3fa173cbd3c10261808e1f879f20c246957ea03feee19b6,stale,catalogue-corrected-source-height,node-verified-rpc-height,monitor-production:merge_mining_event:1270231,38,catalogue:full-evidence:rsk_evidence.csv (coinbase from committed error-blocks dataset)|observation:<chain-archive>/namecoin/classified/namecoin_stale_blocks.csv:278727
789038,0000000000000000000291349d44e756df07ce08d848df0ca0bbd9884af393ed,rsk,5287383,560564407a25f9dec7c67f563ef13a493b9f6513a57836e734d713c7bf6f5fa2,display,,1683700646,,789038,archive_row,<chain-archive>/rsk/classified/rsk_stale_blocks.csv,175,8968016552a69f50608940cfe9978f039d913b17e9cd7d1f16dd1b2fa506229f,stale,catalogue-and-source-row,source-row,monitor-production:merge_mining_event:18705530,38,catalogue:full-evidence:rsk_evidence.csv (coinbase from committed error-blocks dataset)|observation:<chain-archive>/rsk/classified/rsk_stale_blocks.csv:175
946213,00000000000000000000c3d95a4bdc068dfe0c6d1e7ad13045c6f570e58d9ed7,elastos,2196610,c24674b6fb889ae75ccab3c61068086b6cece7f61430800f74ec39c5db51cd13,internal,,1776878612,,946213,monitor_live_event,<monitor-production>/merge_mining_event,16213341,,error_block,catalogue-and-monitor-event,monitor-event,monitor-production:merge_mining_event:16213341,39,catalogue:monitor-live-capture:namecoin:1439965|syscoin:3805082|elastos:16213341|observation:<monitor-production>/merge_mining_event:16213341
946213,00000000000000000000c3d95a4bdc068dfe0c6d1e7ad13045c6f570e58d9ed7,namecoin,821553,d06914d0fc80bf6dada8047a703a94233fad6443044cdb952e03cece3c95f212,internal,,1776876260,,946213,monitor_live_event,<monitor-production>/merge_mining_event,1439965,,error_block,catalogue-and-monitor-event,monitor-event,monitor-production:merge_mining_event:1439965,39,catalogue:monitor-live-capture:namecoin:1439965|syscoin:3805082|elastos:16213341|observation:<monitor-production>/merge_mining_event:1439965
946213,00000000000000000000c3d95a4bdc068dfe0c6d1e7ad13045c6f570e58d9ed7,syscoin,2226227,2ae28a3606fc86bf74092db532be81fcaf0278a10ce4726aadf0f66fa605bdf7,internal,,1776878264,,946213,monitor_live_event,<monitor-production>/merge_mining_event,3805082,,error_block,catalogue-and-monitor-event,monitor-event,monitor-production:merge_mining_event:3805082,39,catalogue:monitor-live-capture:namecoin:1439965|syscoin:3805082|elastos:16213341|observation:<monitor-production>/merge_mining_event:3805082
