height,hash,btc_prev_hash,btc_header_version,coinbase_height,coinbase_scriptsig_hex,source_chains,source_child_observations,rejection_reason,exclusion_scope
225013,000000000000037f2cc0769d4244cf50f1cace4ab76b0b4adb31010e10150708,0000000000000006c20b4d76a83b877b2b33f87ca9e6878eeb76477e7ac06d38,2,436459339,044bd7031a0173522cfabe6d6d5f96eead5ea22511ec2950557d0834f76cd860bbee47f1d5bb386270d4f183b80800000000000000,namecoin|devcoin|ixcoin,namecoin:99370|devcoin:80590|ixcoin:120330,bip34_v2_coinbase_height_mismatch,consensus_invalid
225015,000000000000015437122b60d0a1d2ed7e1f98b5b292e886d6ca62042bba2035,0000000000000026a987d41b3b7f38bebb8e5b2138bc32e0a8f2126cd07c857b,2,436459339,044bd7031a025001522cfabe6d6d43629863b5b1d5de8916a8bd7cbd1918bc6543e246e7ba6e55bf745dcb513e2f0800000000000000,namecoin|devcoin|ixcoin,namecoin:99371|devcoin:80595|ixcoin:120333,bip34_v2_coinbase_height_mismatch,consensus_invalid
225134,00000000000003abc9b545f105aec0a14cab2b65665f967b2527b61bb25e21bd,000000000000030b9997981bd4cc2d7b637577b2fa5c01831f48f98b4b1d06fb,2,436459339,044bd7031a0163522cfabe6d6dbc4328f620ad2dc10be02522a7cc7f0ae498b549888f50859690fece2d306b320800000000000000,namecoin|devcoin|ixcoin,namecoin:99462|devcoin:80734|ixcoin:120574,bip34_v2_coinbase_height_mismatch,consensus_invalid
225145,00000000000001a3aa38003bb99c2bb16dc48dfcf5542ddf86139e639ff51433,0000000000000062e5bb81fc9517e941267b61026fd00db583de45f5c49eac71,2,436459339,044bd7031a0123522cfabe6d6dd14fcb9aca36a2eda2d2a5697fd1937b98d28349001f69bf4a2608bad70776dd0800000000000000,namecoin|devcoin|ixcoin,namecoin:99474|devcoin:80749|ixcoin:120612,bip34_v2_coinbase_height_mismatch,consensus_invalid
225221,0000000000000386f943ff46dbf220fed2ef2ce55214d6fce868db21507ddc99,00000000000001bf5746a9e47d33e066b0f993a4310852ef277e8be952151de2,2,436459339,044bd7031a59522cfabe6d6db0539f1943fa0263ab4bc7be9259f1270ebaa0d23733e662654b6a049aa054880800000000000000,namecoin|devcoin,namecoin:99535|devcoin:80807,bip34_v2_coinbase_height_mismatch,consensus_invalid
225430,00000000000001468e0b21b62cd0b41ec317eeeaa5afc0a8df43c01180e57f7f,0000000000000366ce98ca28338900094e8cbf445776253181749f782546d006,2,436459339,044bd7031a60522cfabe6d6dd2a3e6a60af19ef1519a648a205be968aa42d0040a12ea7e2aa6410e80a9313f0800000000000000,namecoin|devcoin|ixcoin,namecoin:99715|devcoin:80961|ixcoin:121267,bip34_v2_coinbase_height_mismatch,consensus_invalid
225430,000000000000017c4a0a7be4244a3b2c0dd41f884586ad8de78356a0994e8960,0000000000000366ce98ca28338900094e8cbf445776253181749f782546d006,2,436459339,044bd7031a0161522cfabe6d6d11011523a342d5a6a793d960db1f1393207dd969bc87be8058b6877f28f639cd0800000000000000,namecoin|devcoin|ixcoin,namecoin:99714|devcoin:80960|ixcoin:121266,bip34_v2_coinbase_height_mismatch,consensus_invalid
225464,0000000000000085a485d05c96051ff43ea70b8868d7373df9de771ca65b52c9,00000000000001e12d6e50709c5ec9add783c248e7eab3fa578878eff00c525d,2,436459339,044bd7031a028c00522cfabe6d6d16e6f88281aa9c8e23d07358e51aef40e8314c14debbe9b7569af3644962f8860800000000000000,namecoin|devcoin|ixcoin,namecoin:99771|devcoin:81009|ixcoin:121399,bip34_v2_coinbase_height_mismatch,consensus_invalid
226230,000000000000004cf2026785b16399bea2abab0f8b8a82d070ac0db40a06b3cb,000000000000029fe5764b1f619db9a6b8fb320b2a72e8fd6064251d41df4918,2,436434426,04fa75031a60522cfabe6d6d447172e8723db361a6e8c8d1df6be09db405940728e05acfa6622fd07a8a4a100800000000000000,namecoin|devcoin|ixcoin,namecoin:100567|devcoin:81561|ixcoin:122307,bip34_v2_coinbase_height_mismatch,consensus_invalid
226845,00000000000000c37c3327de7555db3e3dbe91cbe0294e532f8a32574d5b997d,000000000000032fc58adf8d775cb901df7508227558521af50cb492cfbc7ef7,2,436434426,04fa75031a0164522cfabe6d6d8ff0a68e344b586a001a21254da9133a46d86d070ddd2c19529d6c273a7b263d0800000000000000,namecoin|devcoin,namecoin:101111|devcoin:82009,bip34_v2_coinbase_height_mismatch,consensus_invalid
226895,000000000000030a6d0a4a0c91af3610843d170594eac75cc8a0e16390ba9559,00000000000001dd4f20868a596bc23efb98ac7553d4679a7a82f35c18e53660,2,436434426,04fa75031a024502522cfabe6d6d016035269eb3ad99d1ff362ebd4536c56037cba0deffeb2bf2409cd7ae79bafc0800000000000000,namecoin|devcoin|ixcoin,namecoin:101158|devcoin:82041|ixcoin:123067,bip34_v2_coinbase_height_mismatch,consensus_invalid
226912,00000000000000a34d399a3cb82e222fad8e73e465b905e333ada1662c61e0e0,000000000000010b669eef36d7ba7a5eb03a758e193f3f9e881909a7961ce427,2,436434426,04fa75031a02ab00522cfabe6d6dfd815d1d65ff88b939971ca477af659572ea9543a296e67d465c60ef342bfa500800000000000000,namecoin|devcoin|ixcoin,namecoin:101169|devcoin:82055|ixcoin:123093,bip34_v2_coinbase_height_mismatch,consensus_invalid
229388,00000000000001fb5262fee5a4b0e93f1274226980cc0893dcaa9dd9e1187f95,0000000000000138b8b049ef6c1d4abb45743faf01ded7b0a9ccd84c9b30eef1,2,229405,031d800370736a046e81021a042a066b12522cfabe6d6d3f9360023bc09ec8ffce3d57c1492bbc8e1b1d0144655509fca0e1ace595c31d0100000000000000425443204775696c642033ac1eeeed88,namecoin,namecoin:103522,bip34_coinbase_height_mismatch,consensus_invalid
229388,000000000000008af04b94d8286fe0e8d0aea3b2f35e758ef1e73e153169fa58,0000000000000138b8b049ef6c1d4abb45743faf01ded7b0a9ccd84c9b30eef1,2,229425,0331800370736a046e81021a04f9bfbe12522cfabe6d6d09236c4cc87a673a8b478605e6fcdd5585c5bc4609916597bd962bd2ed862e680100000000000000425443204775696c642033ac1eeeed88,namecoin,namecoin:103541,bip34_coinbase_height_mismatch,consensus_invalid
229388,00000000000000329b2b44eca61829f13c94bbafb35022f13e49ffff279e3f03,0000000000000138b8b049ef6c1d4abb45743faf01ded7b0a9ccd84c9b30eef1,2,229426,0332800370736a046e81021a04e900c812522cfabe6d6d84a6a479387f8dfdc7b3256d61e2d5ba08d6dd2adb8090010936cff61dfebce70100000000000000425443204775696c642033ac1eeeed88,namecoin,namecoin:103543,bip34_coinbase_height_mismatch,consensus_invalid
229388,00000000000001365d20401c25e9c8c1bc1570f99a943bc1575b20e16d77a18c,0000000000000138b8b049ef6c1d4abb45743faf01ded7b0a9ccd84c9b30eef1,2,229457,0351800370736a046e81021a0402076813522cfabe6d6d9f81006fa0cb5799f97b3f8ee995dbbda55c1e83754d64cadb321d1db65dc8d30100000000000000425443204775696c642033ac1eeeed88,namecoin,namecoin:103577,bip34_coinbase_height_mismatch,consensus_invalid
229388,0000000000000239bfc9b6f400b5b02ab401077bdc470d082e3da34276925cc8,0000000000000138b8b049ef6c1d4abb45743faf01ded7b0a9ccd84c9b30eef1,2,229471,035f800370736a046e81021a040d94ba13522cfabe6d6dd48364adb1effd444f3c8d87680ed30368fd5b12d0e20ea956578132f9df04160100000000000000425443204775696c642033ac1eeeed88,namecoin,namecoin:103588,bip34_coinbase_height_mismatch,consensus_invalid
229388,000000000000024fc7ce00ec89295323699886784960f68a04f4a4871b61caa8,0000000000000138b8b049ef6c1d4abb45743faf01ded7b0a9ccd84c9b30eef1,2,229506,0382800370736a046e81021a0430a77b14522cfabe6d6d71c2e6d47b4b265b5ad2f064723ecd40bc7eee5267d59df1aa84989c0cc87dc10100000000000000425443204775696c642033ac1eeeed88,namecoin,namecoin:103624,bip34_coinbase_height_mismatch,consensus_invalid
277975,0000000000000000de6f0b2978aa2b268cb9a54c5de6d21f97d17c6b0ff0ac3f,0000000000000001a873d98b187afa4ca40a1ab0d2a066df6c7ed5530632b92d,2,277975,03d73d04062f503253482f04bc30c352082e02a002002bed9a4d522cfabe6d6d711f2290b40d6f75dc3fa9d2245d018ce18782d3e4b9b4feff5b16cdacd4743004000000000000004861707079204e657720596561722120596f7572732047486173682e494f2e,namecoin|devcoin|ixcoin,namecoin:154429|devcoin:120059|ixcoin:181126,coinbase_scriptsig_length_above_100,consensus_invalid
331735,000000000000000010d43fb3f8d02cab156f333f2bfc172de9e6d87359118a1a,000000000000000019e7ea7b9aa8ea186a7ca9cd47808952743d713c79e728b2,2,331736,03d80f05194d696e656420627920416e74506f6f6c201197731e547634ddfabe6d6d02b0c8aa564c26d206db1bb2305bf3cba8ad46f355e7238fa5864a06a3a776ec0400000000000000650200007f58e854,namecoin|devcoin|ixcoin,namecoin:207232|devcoin:163460|ixcoin:234279,bip34_coinbase_height_mismatch,consensus_invalid
363967,00000000000000000954ed93eda1e79e8261137548fa9ccf4d516bb384a3660b,0000000000000000009d2e8bd852ebfaf9fa14e3dbadaad314e2df452c92eed0,2,363967,03bf8d05045599597ffabe6d6d27e048c4a0bfe74e325a7c96ace681cb0857905425f4c24ca88fb3b646fed3e70100000000000000180100004c534b02,namecoin,namecoin:237930,bip66_block_version_below_3,consensus_invalid
364341,000000000000000012aac0664cd8b6cbc3ea485921a05f2c4340f928b0226d3c,000000000000000008686f8ee926d297063471f15693530de1b59393dd5a95cf,2,364341,03358f052cfabe6d6da8e7031652edd333c809b423e10227792e3dbcb7b173b1585dc1476ce72eb8000400000000000000062f503253482f,namecoin|devcoin|ixcoin,namecoin:238279|devcoin:192332|ixcoin:268098,bip66_block_version_below_3,consensus_invalid
367047,00000000000000000f93ba8faf8bb018c7db642e30391748860cbfa5803a32a4,00000000000000000a100609610253ba966648df022f2fb0059748bc401b6252,2,367047,03c79905534f434b25449607578bd762522cfabe6d6d8f433c640092b20a74c858f622235f3ef0a432b34b8d7f9a23ed781ec2c0b40120000000000000002f6d6d706f6f6c,namecoin|devcoin|i0coin|groupcoin|unobtanium,namecoin:241087|devcoin:194759|i0coin:1546542|groupcoin:180938|unobtanium:637957,bip66_block_version_below_3,consensus_invalid
380992,0000000000000000084ee972bfe620224e6893448a9001d2b1f236ede0423779,0000000000000000036eb223eec088a5df6612a86f13fe8daa9b8e01b68cd992,3,380992,0340d005e4b883e5bda9e7a59ee4bb99e9b1bcd50ac9b4c902bcd5e2bad45a05683fe7f021962425668f3d52fb85b887a7641d02000000f09f909f2f4249503130302f4d696e656420627920796e646c0000000000000000000000000000000000000000,namecoin,namecoin:255293,median_time_past_violation,consensus_invalid
383540,000000000000000009c55c7e380b7600a2966de1b79230c74212d9c45a91a50b,00000000000000000721bc07fa085d19a6da23e15dbfa3685411fbcc29266367,3,383539,0333da050e00456c69676975730056473ebf05fabe6d6dea750998570cd15be3f4d81146f617c7f8cfbb02e53cf5953aef025e55b48ae20100000000000000002f737332322f008102000090990500,namecoin,namecoin:257852,bip34_coinbase_height_mismatch,consensus_invalid
389043,00000000000000000306ea979ad487157d2950081413eb9d2dca82060f1b89b2,00000000000000000943a3ad5e0f9b4d77fdaa04bcf166de934e0b448bf38d9b,3,389043,03b3ef05040314745608fabe6d6d20d6656f5ca5ac4408cbee6ff6d3235c6039015372788a3c0b0c39721502efd001000000000000004000000f873d00860d2f6e6f64655374726174756d2f,namecoin,namecoin:263217,bip65_block_version_below_4,consensus_invalid
543804,0000000000000000000c958fe3563e7e3ecda8e35e6d6ecce4d5693cec1f1918,000000000000000000127b85df4b3f5b9bccdf78616563c49b10eea309bef0e1,-1610612736,543804,033c4c08045623b15b622f4254432e434f4d2ffabe6d6dee6689d8fa713e1a935e1b03dd664008ac0a74b753d03c527f6d25800e82299a0100000000000000fc00cfe8cc4d000000000000,namecoin|rsk,namecoin:419550|rsk:789982,bip65_block_version_below_4,consensus_invalid
544024,0000000000000000001ffb5988298bfc9f528f9a47e6062ebe8a01177af25d21,0000000000000000001ebab53c2117c3e8c1d814e08e886f1f20fbd90aafbc83,-1610612736,544024,03184d0804a9eeb25b622f4254432e434f4d2ffabe6d6d00b4b5e6ade353899dc765c9ea4101e089f70877b7d314d29fc9b7d0654fcf020100000000000000fb006d12d345000000000000,namecoin|rsk,namecoin:419757|rsk:793505,bip65_block_version_below_4,consensus_invalid
544024,0000000000000000001ac59b46b44a9e525bc03a5cd2e138a8ae684445fa6ed8,0000000000000000001ebab53c2117c3e8c1d814e08e886f1f20fbd90aafbc83,-536870912,544024,03184d0804c9fab25b612f4254432e434f4d2ffabe6d6dcea0fda9be365f0d78b66072ae5cf48ed7cb6338df96d4a951f49bcc9641a6710100000000000000fb0136c12081000000000000,namecoin|rsk,namecoin:419759|rsk:793596,bip65_block_version_below_4,consensus_invalid
544600,000000000000000000188a6aecb603cb6a068ad236f925255a491124b5c5dc8a,0000000000000000000ad36916c634a7b138de8f6da4a0dce139c1580fac98ac,-536870912,544600,03584f08042c8bb85b622f4254432e434f4d2ffabe6d6d88922b0299a396056945229bf094718c1388b6df2c4560845fa027e8942ca65d0100000000000000fd0069592843000000000000,namecoin|rsk,namecoin:420338|rsk:804553,bip65_block_version_below_4,consensus_invalid
656478,00000000000000000005f8f74e57aa4584aacfed509b8a6feb20bc22e7d60a34,0000000000000000000457df9961a123212340daf566b899aaa54197d0648d1b,536870912,656478,035e040afabe6d6d2135f9ab4547c587a8fed2b8f0e3f30e79046be24aa94aedacd271f0afa22bcd01000000000000002c65010876e90024f1e8711c00000083c89614152f736c7573682f,namecoin|rsk,namecoin:532212|rsk:2855136,reclassified_stale_descendant,direct_stale_only
789038,0000000000000000000291349d44e756df07ce08d848df0ca0bbd9884af393ed,000000000000000000033469ab5e38e36115a561960e28524262ad103d3bb3a9,538181632,789039,032f0a0c1b4d696e656420627920416e74506f6f6c383733e2000002b5eac7d7fabe6d6df30ef030508734cec49b1d7ddbe98a52a2f7ad5986eac10cd313f0c6dbb46d6d0200000000000000000024c9610e000000000000,namecoin|rsk,namecoin:664459|rsk:5287383,bip34_coinbase_height_mismatch,consensus_invalid
