btc_height,btc_header_hash,chain,child_height,child_block_hash,child_block_hash_order,child_header_hex,child_block_time,child_nbits,source_btc_height,source_kind,source_path,source_row_number,source_sha256,source_classification,btc_height_provenance,child_height_provenance,identity_provenance,parent_row_number,provenance
170061,000000000000031c6ad96098aa06a9ea8ec39b62a63a932aa9f367f6b4d0f186,namecoin,45874,14c31798fa8b7796a91b3972bb818f7af866519152f72df4f3b866191ad9be82,internal,,1331138796,,,full_inventory,data/namecoin_stale_blocks.csv,7244,ce646f1b8f74f7a59e48235af14e6a063ce91cf3b61007a1c54c128ede286819,unknown,ancestry-root-plus-depth,child-identity:auxpow_parent_match,child-identity:auxpow_parent_match,17,catalogue:stale-descendant-observations
170062,00000000000004351dda86c5a6d6fb855d04228988d5a3afa91d6249b6abf77d,namecoin,45994,78254ab32b387169e3d382b8082b27f08be1a73eddfcc49972ab46f030d66813,internal,,1331204767,,,full_inventory,data/namecoin_stale_blocks.csv,7272,ce646f1b8f74f7a59e48235af14e6a063ce91cf3b61007a1c54c128ede286819,unknown,ancestry-root-plus-depth,child-identity:auxpow_parent_match,child-identity:auxpow_parent_match,18,catalogue:stale-descendant-observations
170062,00000000000006a94b1c86cb78dd4308a8ce7310993efe6586a4d89a2ec91328,namecoin,45901,e232bce6d84a42988ddbd355da937c7f020b9490abfcd431e32ad4cb7a38caa7,internal,,1331155748,,,full_inventory,data/namecoin_stale_blocks.csv,7248,ce646f1b8f74f7a59e48235af14e6a063ce91cf3b61007a1c54c128ede286819,unknown,ancestry-root-plus-depth,child-identity:auxpow_parent_match,child-identity:auxpow_parent_match,21,catalogue:stale-descendant-observations
171133,000000000000055e55d335480b808b78df035ec195a439bd5c529888a3746d78,namecoin,46903,32011b91a8318c766241e875ba74a293cbf70e545585b30407cc084618c10835,internal,,1331730981,,,full_inventory,data/namecoin_stale_blocks.csv,7634,ce646f1b8f74f7a59e48235af14e6a063ce91cf3b61007a1c54c128ede286819,unknown,ancestry-root-plus-depth,child-identity:auxpow_parent_match,child-identity:auxpow_parent_match,19,catalogue:stale-descendant-observations
171134,00000000000006670b0d3f3bd5a2edc76317c58868d95a5f8773caabcdfd65a6,namecoin,46905,12daeacb3be1f76980c9c01fb5892ff1d5e627cbedd7b7c6f3c91a93f3a474a4,internal,,1331731899,,,full_inventory,data/namecoin_stale_blocks.csv,7562,ce646f1b8f74f7a59e48235af14e6a063ce91cf3b61007a1c54c128ede286819,unknown,ancestry-root-plus-depth,child-identity:auxpow_parent_match,child-identity:auxpow_parent_match,20,catalogue:stale-descendant-observations
179641,0000000000000894953e2aa6fce46e116a6b7b9775ab0fe61380dcbbc09f4075,namecoin,55474,651ac2b6cdadd47e7528f3f8400f217ba1e917df196f6d10a6a0bd56c0be724d,internal,,1336710806,,,full_inventory,data/namecoin_stale_blocks.csv,11037,ce646f1b8f74f7a59e48235af14e6a063ce91cf3b61007a1c54c128ede286819,unknown,ancestry-root-plus-depth,child-identity:auxpow_parent_match,child-identity:auxpow_parent_match,22,catalogue:stale-descendant-observations
216108,0000000000000237a9928e6c5f65fc44f0fd5b6dd2c8e9e49b92065ea4fdcdd5,namecoin,91171,7666efffc41c00b9f2855da56333cd7db270333b04086888534a0d4b853dd63f,internal,,1357922582,,,full_inventory,data/namecoin_stale_blocks.csv,25013,ce646f1b8f74f7a59e48235af14e6a063ce91cf3b61007a1c54c128ede286819,unknown,ancestry-root-plus-depth,child-identity:auxpow_parent_match,child-identity:auxpow_parent_match,16,catalogue:stale-descendant-observations
234108,0000000000000043bff8b3fd1519a07fa61d40815c7e8734e31e34b948a2df41,namecoin,108809,2818eccec64c56b811e731ad66a28ab362ce65dddf53de8f09a09ed58d849b29,internal,,1367447307,,,full_inventory,data/namecoin_stale_blocks.csv,28806,ce646f1b8f74f7a59e48235af14e6a063ce91cf3b61007a1c54c128ede286819,unknown,ancestry-root-plus-depth,child-identity:auxpow_parent_match,child-identity:auxpow_parent_match,15,catalogue:stale-descendant-observations
256559,000000000000000f9bebd3fdfc86ed47161c711846c11ac33ec8c25612d09415,devcoin,104823,468151d8e66f482e72b6094ccdcfd293f10c2239e59a757bc00f178c84748336,internal,01010400dfe0596dff1601630816e8bf8f547f7e7cafffc28079bc3c6702a0d24e678cd316078eb75719790200681b7300e3870c7332f8bafd9fb58f1bf3ad8bb0cbbc6423462b521496001a00000000,1378567715,1a009614,256559,full_inventory,data/devcoin_stale_blocks.csv,49410,9214ffd337a5dd4b5a05b28ba44405b96d24bc8ba798bc715d6574316d33ebb3,orphan,ancestry-root-plus-depth,source-row,child-identity:source-row-authenticated-child-header,12,catalogue:stale-descendant-observations
256559,000000000000000f9bebd3fdfc86ed47161c711846c11ac33ec8c25612d09415,ixcoin,159230,0ebcfc4747b31c7ad99d396bc4da394a15397d9f57786aa99de6bfba930f51d3,internal,010103000ed86b12875d22a7656258491f387b3219afbc3f132708d9412cb986f7556bcd6494c2d07771ff8de463df42d7c5ab7464f239809e4b1cb9fd1e882325adef2344462b52f9da001a00000000,1378567748,1a00daf9,256559,full_inventory,data/ixcoin_stale_blocks.csv,184106,6482123b82670911fcc353b378c90c1a4360853853cf5d569106ae23df9b5a66,orphan,ancestry-root-plus-depth,source-row,child-identity:source-row-authenticated-child-header,12,catalogue:stale-descendant-observations
256559,000000000000000f9bebd3fdfc86ed47161c711846c11ac33ec8c25612d09415,namecoin,132590,ebc72b31cb9f0b739140d566c0cecb1312cb41f57aaf2493363ef28af34c3def,internal,,1378567931,,,full_inventory,data/namecoin_stale_blocks.csv,36828,ce646f1b8f74f7a59e48235af14e6a063ce91cf3b61007a1c54c128ede286819,unknown,ancestry-root-plus-depth,child-identity:auxpow_parent_match,child-identity:auxpow_parent_match,12,catalogue:stale-descendant-observations
256559,000000000000001517ad79542bb611e8949f9e29a4e7604b8f965227d04a0f3d,namecoin,132591,c234744a019828471e2284e8ec00661e2103ac640a7d216d9db8c4784bfe2a4a,internal,,1378568011,,,full_inventory,data/namecoin_stale_blocks.csv,36830,ce646f1b8f74f7a59e48235af14e6a063ce91cf3b61007a1c54c128ede286819,unknown,ancestry-root-plus-depth,child-identity:auxpow_parent_match,child-identity:auxpow_parent_match,13,catalogue:stale-descendant-observations
256559,000000000000002e0945284bbc96e41647478a1f43e8f6fc68b67c9e65c95302,devcoin,104796,1de55a79d5218319fda99c14783bbe01237489600425bbb9b8e066e8173edbf5,internal,01010400676c241038a84a9548029ddb3976b1d6a32315ce75d01287a860a55ccc70a5d0af0d28e433992f86ccf57794b2e86175ba7473ffbd702f542cb227fa70ff138275f32a52e28c001a00000000,1378546549,1a008ce2,256559,full_inventory,data/devcoin_stale_blocks.csv,49409,9214ffd337a5dd4b5a05b28ba44405b96d24bc8ba798bc715d6574316d33ebb3,orphan,ancestry-root-plus-depth,source-row,child-identity:source-row-authenticated-child-header,14,catalogue:stale-descendant-observations
256559,000000000000002e0945284bbc96e41647478a1f43e8f6fc68b67c9e65c95302,ixcoin,159189,309878dedc8b30b7c80a93a8892a8256559782b347748f05712298cc72476c4c,internal,01010300978adeedadae3a2707964c9487c0e4fbcd0347d26241e53880bdbac395aaf3d06262d5d72c5476c1983533de73d46fd3c1bf7fbf081fc029cf0a3e8dff43e6af91f32a52f9da001a00000000,1378546577,1a00daf9,256559,full_inventory,data/ixcoin_stale_blocks.csv,184105,6482123b82670911fcc353b378c90c1a4360853853cf5d569106ae23df9b5a66,orphan,ancestry-root-plus-depth,source-row,child-identity:source-row-authenticated-child-header,14,catalogue:stale-descendant-observations
261199,000000000000000b1d220bf1bff1f479bfff9e041785a2a465cfb21649d65959,namecoin,137334,db6fcc8bc6cbcf5fdea6727c2227625d2f6893a73073b31e54c93f6a5883dcde,internal,,1380684628,,,full_inventory,data/namecoin_stale_blocks.csv,39599,ce646f1b8f74f7a59e48235af14e6a063ce91cf3b61007a1c54c128ede286819,unknown,ancestry-root-plus-depth,child-identity:auxpow_parent_match,child-identity:auxpow_parent_match,11,catalogue:stale-descendant-observations
305610,00000000000000000868cee9f5dffb040e9d8d42256652ffc16be715e5b791d8,ixcoin,208393,8923dd049a08bb6419ec6c9bc8cdacb91503462ca03ece6f14c6452a4968db43,internal,01010300717972ec9ca262ba4a15a450c1e05158c06033ebe970262cd3243f91f0bd4f7ec4f298b8a26e40d2f8d03bc35812cf17efd2199242f5f8d67e6f6f8dac9b3b467b2c9b539292001900000000,1402678395,19009292,305610,full_inventory,data/ixcoin_stale_blocks.csv,205499,6482123b82670911fcc353b378c90c1a4360853853cf5d569106ae23df9b5a66,orphan,ancestry-root-plus-depth,source-row,child-identity:source-row-authenticated-child-header,10,catalogue:stale-descendant-observations
305610,00000000000000000868cee9f5dffb040e9d8d42256652ffc16be715e5b791d8,namecoin,181954,f904b02f7015542b777bd44fa382723f2aa6484b0693fc66f63d0cee92e8bbc4,internal,,1402678606,,,full_inventory,data/namecoin_stale_blocks.csv,71477,ce646f1b8f74f7a59e48235af14e6a063ce91cf3b61007a1c54c128ede286819,unknown,ancestry-root-plus-depth,child-identity:auxpow_parent_match,child-identity:auxpow_parent_match,10,catalogue:stale-descendant-observations
377869,0000000000000000023f368ebc3de565f0ab6eeb7830b5e887b7fb43cfb8e93c,namecoin,252298,75e91a2b313d921d910760c5dbf1fd3902207081a9658b64ba2ee026eabeb1fe,internal,,1444256037,,,full_inventory,data/namecoin_stale_blocks.csv,102093,ce646f1b8f74f7a59e48235af14e6a063ce91cf3b61007a1c54c128ede286819,unknown,ancestry-root-plus-depth,child-identity:auxpow_parent_match,child-identity:auxpow_parent_match,8,catalogue:stale-descendant-observations
394335,0000000000000000045debde25155fb28418437253d12ff3bfa6a91526924111,devcoin,217936,ce37c83cd5cd5a5ac4171cca576bedd5072437404c8b7cd3db126f9f04864724,internal,0101040086d2957fb5161cfaecd8cfc262c10f37209e3e823ec0b03db2b280b70fbf06cafc43ffefb6fed0d6a8932c8057e534fb813cbcca7145b2014554cc54e249ab41d937a15673bd171900000000,1453406169,1917bd73,394335,full_inventory,data/devcoin_stale_blocks.csv,88515,9214ffd337a5dd4b5a05b28ba44405b96d24bc8ba798bc715d6574316d33ebb3,orphan,ancestry-root-plus-depth,source-row,child-identity:source-row-authenticated-child-header,9,catalogue:stale-descendant-observations
394335,0000000000000000045debde25155fb28418437253d12ff3bfa6a91526924111,namecoin,268522,6cea85459a1860bcea88636242cda74022c64e4fd4ac189f59a669ad3497ca81,internal,,1453406589,,,full_inventory,data/namecoin_stale_blocks.csv,107171,ce646f1b8f74f7a59e48235af14e6a063ce91cf3b61007a1c54c128ede286819,unknown,ancestry-root-plus-depth,child-identity:auxpow_parent_match,child-identity:auxpow_parent_match,9,catalogue:stale-descendant-observations
492925,0000000000000000002b465fcb2bf695472f69dbf09e698d31d62322734a0a6d,namecoin,368779,f55ad5d83bbb6f6c8aef6eb1e92d02f4fcf9e6f23b44a625493632d24769b96b,internal,,1509715407,,,full_inventory,data/namecoin_stale_blocks.csv,153081,ce646f1b8f74f7a59e48235af14e6a063ce91cf3b61007a1c54c128ede286819,unknown,ancestry-root-plus-depth,child-identity:auxpow_parent_match,child-identity:auxpow_parent_match,5,catalogue:stale-descendant-observations
492926,000000000000000000530d9a951428ae81001fb91c9fa0a39e81568aba87350f,namecoin,368782,332a813cecfaf1f1a3f6811c568b813f974b7e55cd2ac2a5f17a106ef2fa8d20,internal,,1509716968,,,full_inventory,data/namecoin_stale_blocks.csv,153083,ce646f1b8f74f7a59e48235af14e6a063ce91cf3b61007a1c54c128ede286819,unknown,ancestry-root-plus-depth,child-identity:auxpow_parent_match,child-identity:auxpow_parent_match,6,catalogue:stale-descendant-observations
494893,00000000000000000054ae34a77c0d7c728d63767106ee4404433bdbb8eb85b3,namecoin,370957,1cae88f5b365a5f00d9bea357d86d25d41e451319bb60ded74f3390c7ac36f2b,internal,,1511001298,,,full_inventory,data/namecoin_stale_blocks.csv,154862,ce646f1b8f74f7a59e48235af14e6a063ce91cf3b61007a1c54c128ede286819,unknown,ancestry-root-plus-depth,child-identity:auxpow_parent_match,child-identity:auxpow_parent_match,7,catalogue:stale-descendant-observations
656478,00000000000000000005f8f74e57aa4584aacfed509b8a6feb20bc22e7d60a34,namecoin,532212,cd2ba2aff071d2aced4aa94ae26b04790ef3e3f0b8d2fea887c54745abf93521,internal,,1605120954,,,full_inventory,data/namecoin_stale_blocks.csv,285588,ce646f1b8f74f7a59e48235af14e6a063ce91cf3b61007a1c54c128ede286819,unknown,ancestry-root-plus-depth,child-identity:auxpow_parent_match,child-identity:auxpow_parent_match,4,catalogue:stale-descendant-observations
656478,00000000000000000005f8f74e57aa4584aacfed509b8a6feb20bc22e7d60a34,rsk,2855136,671a652ff345b548d195f14ff471dc207a7d6a618cbfa605de69a9cd4baa7d9a,internal,,1605121157,,656478,full_inventory,data/rsk_stale_blocks.csv,83,8968016552a69f50608940cfe9978f039d913b17e9cd7d1f16dd1b2fa506229f,stale,ancestry-root-plus-depth,source-row,child-identity:merged_mining_header_match,4,catalogue:stale-descendant-observations
775828,0000000000000000000387d7c748413c63aa50c493185f64b0b0b14a1692745a,elastos,1359641,97e236bdfff917d49bdd959d8e4de34691c5cf11264fc2ebe5906ce74dedd906,internal,,1675996002,,775828,full_inventory,data/elastos_unknown_blocks.csv,8866,89e3eb6206543cb021e1e7c6bc77eb128e27706f0bc5d02868b183b3f7e3d64e,unknown,ancestry-root-plus-depth,source-row,child-identity:auxpow_parent_match,3,catalogue:stale-descendant-observations
775828,0000000000000000000387d7c748413c63aa50c493185f64b0b0b14a1692745a,namecoin,651262,fde68c0410b3553b00521ba164680911faee825d68b9a67e8f87038b99417bb8,internal,,1675995584,,,full_inventory,data/namecoin_stale_blocks.csv,367445,ce646f1b8f74f7a59e48235af14e6a063ce91cf3b61007a1c54c128ede286819,unknown,ancestry-root-plus-depth,child-identity:auxpow_parent_match,child-identity:auxpow_parent_match,3,catalogue:stale-descendant-observations
775828,0000000000000000000387d7c748413c63aa50c493185f64b0b0b14a1692745a,rsk,5040794,56f25d8e113af895b64f5cd100a63c8ea7f59d487dcef5bc44fd6fab17eac07a,internal,,1675996030,,,full_inventory,data/rsk_stale_blocks.csv,25568,8968016552a69f50608940cfe9978f039d913b17e9cd7d1f16dd1b2fa506229f,orphan,ancestry-root-plus-depth,source-row,child-identity:merged_mining_header_match,3,catalogue:stale-descendant-observations
941882,00000000000000000000c81cbf94a12ca498e72eb8530f7061c8746cf9687b2e,elastos,2175020,c8beeee907fc765c7c87155667ed97f7da413795938574563c59068718e46f15,internal,,1774281077,,941882,canonical_blocks,data/elastos_canonical_blocks.csv,173117,615f7dbda9825775bb2985f9de26a53a8f389ad21a771baf1e98af4205992ccd,canonical,ancestry-root-plus-depth,source-row,child-identity:auxpow_parent_match,2,catalogue:stale-descendant-observations
941882,00000000000000000000c81cbf94a12ca498e72eb8530f7061c8746cf9687b2e,fractal,1615397,68db07a9a334946ee2f1dd657e1ec1c9cc68b7effb76509e2a1051401ed72c6a,internal,00012420250300ed739af36a7fbb7f2647139499f8702b74e56dbbd98bc66efa9ed038aef72a92f21ce4dd7bc2b7c128835b38314f79ac66dcbbe8d590fc93b10e94e00a7761c16900e9141700000000,1774281079,1714e900,941882,canonical_blocks,data/fractal_canonical_blocks.csv,52353,f6d66e5251fc9b059318920bb951eaeadef32a09d19682e3c0a5b899cfef1db3,canonical,ancestry-root-plus-depth,source-row,child-identity:auxpow_parent_match,2,catalogue:stale-descendant-observations
941882,00000000000000000000c81cbf94a12ca498e72eb8530f7061c8746cf9687b2e,namecoin,817177,2aa19a11b53e366796f7b6a2c8d544d0060bd2645d9fe23bb79db658a9febe0d,internal,04010100c655358c1815878b9af9d05ee5c0111dd50730d29002064e90b05bdabfe25f3e003caec4ea1e77967df706093b26a193e70cc05aa6944b4d8567b1893bc053402161c1697a03041700000000,1774280993,1704037a,,full_inventory,data/namecoin_stale_blocks.csv,464228,ce646f1b8f74f7a59e48235af14e6a063ce91cf3b61007a1c54c128ede286819,unknown,ancestry-root-plus-depth,child-identity:child-node-rpc+source-row-auxpow-parent-match,child-identity:child-node-rpc+source-row-auxpow-parent-match,2,catalogue:stale-descendant-observations
941882,00000000000000000000c81cbf94a12ca498e72eb8530f7061c8746cf9687b2e,syscoin,2209150,531897606e4b7fb7d15f9bf35b464b7343a920d309bf47a9454b500cd7be9f29,internal,,1774281046,,941882,canonical_blocks,data/syscoin_canonical_blocks.csv,96949,f5aec864e66dd336d9c5f23f8a9811074b330726d18de0c8542090d5472f57aa,canonical,ancestry-root-plus-depth,source-row,child-identity:auxpow_parent_match,2,catalogue:stale-descendant-observations
