height,hash,header
380957,000000000000000005757d161119cf89ac8379462031c533be600f5cace8803f,0300000050a06d88cce3100064d1817978228ede9652835de3b96a100000000000000000a3ed85e29d4e4430a63bbc33a15e5137a997a335958095d8c397fafd0182dc3055f63056140f1218f42f39ed
379454,000000000000000010e2e74380cf4a4874437ed2fb35f8a11b233c1ab09b6713,030000007b20b8709319980853fe66a2e96de2c8a68511d9f5bb4c090000000000000000d1f951550eb7c15fca41d46eff11a153e2dfe9bb24056a466aeb86ca046d86e1d3b02356140f1218432f3b05
363959,00000000000000001262efe584ec7ac039dba15b56d6ed239249c483636b15ef,03000000b55e4492a9dfcc9e3fdf8c912aceaf7de37a8687064ef11000000000000000008f6f9ee378e08263bcb576747399077b9c78f74789495e236435aecffa616a58e84b99558e411618e88b234b
361445,00000000000000000ea97f669cf1bc0966a59e8fcb32166c6ebfcb020ad052ff,03000000e85ed4dc7739a7b68b36925ff442be431ff5634ddcb546110000000000000000d09a3bd43488c22f6f97aa1a6d66da7c31e015ce6a90899a6b1e1ee1830f43b4388882554320161881dd6cf4
359234,00000000000000000dd889807f25225b494a908da187b935d43bb6f79851b943,030000003a033d20d178fcc18ff28436bf9e62ef4938ca27a9dbb80f0000000000000000fdb16b5fdd20ebdde100f0e25f43fcbb7d9f079c9af9025d3c95582c316f73dc21da6e558b1a1718e87ac79f
357736,000000000000000011e30b09e8b73c2a15de4e016c1579389e1effbc7bbd7c56,02000000db8e9be9e374004406500295746d1ac33a90990cc701810400000000000000008acecc0d81c9f3fe6cc4738cd54b3a24695d071499e58d1efce22246f7abc35d01086155f58616186984d735
353071,000000000000000013caed588c3fcac1c48a37a65691c3f1a5f6a2518e4b27e2,020000001bf56501cca71d41205c25c661f42da46e2e6a8a9bfa190c0000000000000000dd1dd03b746b6db0ab0748de7a48e5e86f72e3d2159313595cad9eb9915df7b6f3203655f017171847fdad27
349715,00000000000000000440d4ef910f1c0830ebac19af16abed6c8046f187602290,020000003cd899073ac659feba266aa344b2db6ca22716b640a8d70500000000000000002c72efb8500eeda6cba5a3ba10123b9031b36dc4b0fbfbc787a2a48a2f7959d6563a1755f28817180ca464cc
347295,0000000000000000142c8fa8984becbe71c90658c89c3f77490bc40ad2b9be0b,02000000c7b81417e309fe2006ad6820357965e17996afab0d7aa6070000000000000000f391e748d00590ce3003c860cf40f6fc9d2556993e8d5637d71e30a16f7c69e528850155c02e17185ea566e5
346851,0000000000000000069b763930953bf48acb48742af2a7244b13de2faa9b1a8f,02000000fb80481f176bbcf40e4c9510f2462dd44c95bf8710c2f60800000000000000005854052c67ed9ca94fb45aaca3bcb542f61539a25e7842404ee273d6e8d5461dbb79fd54c02e1718fe71728e
345711,00000000000000001607d9d8e49e3958923f1b6a4ebd465dea0fc5f92596c3a1,02000000b12198560a9e8b26dccdaf6fcb04b9dc074aad161412511500000000000000008f45cf769f9da8b0f659b85bd6b4e002a8a217c1c08f34c617f27b268ae333687f32f3543a8d171809dea1b1
344949,0000000000000000047b1d4d9fe55b1f760ccebd18b6c0df6f44ec8e109fe26c,02000000533b7775058f8e1401003807c2a4d5fd39d2c9d21de816120000000000000000a124488b8b15e5c679e77e71b5557d552a6d63f79b54f032dfa6b85c4687abf1e47cec543a8d17182149c544
342411,00000000000000000bd82bf0d9829e0ed83e9f7af830f46ec9b7c031d6cdd05b,020000003c45f3df76bfc1b675b46b3a0ea5399d0af21449ba6d680f0000000000000000540cecc66e5e130c33ee32315abfc56d931ccfa0ab3bd8f8173607c075723e9e0903d654c0a31a185e7c1711
341517,0000000000000000036cdca9dacebc0c4adda60fe356bac499e4d68f26c4fc17,020000007af97dc029b1a5ea1ff4fc664450fb749300389d1a2c090300000000000000005cb6f8ae81db814fffe90cd619aa60ea5a04b97621d2741dc8ca9ed3b2f74cb2866ace54c0a31a188dd81e60
338682,0000000000000000054047b6edb2bbebf9b6f1b08c03be231154a8c4eb6053f3,020000004f55cd49b374c5456bc1d690cc8c9e33b8f814f2156efa01000000000000000076374d6d325cb1700ff56fca6c1ebe960a5450aa78b67d22fd2458dc3e86f9c1b1fdb354ca0d1b1835ec0c77
336914,000000000000000008a17e661da2b994b7e9f1a669cb0be0da6793fbf42ed69c,02000000fd150b0d476fb68f1d8c01a67fa98f3c01f646782d6ddb1100000000000000001e5e867c2aabaa5d0fd3545dd15ae09d5a36fcd8440d6b921fd22dc35865f666deeea454ca0d1b186d5b302a
335742,00000000000000000c40362958d0f1193cfb4501d17d36f31e18a1b63a772f24,020000001736b4adad25094543bc8b4f334cdeae9e6dad54cff7f306000000000000000090e5896db0a8fb3f583729bd663ade4384dcb3eb375037c12f0c66ded749ecf09b2b9b547cdd1b1835e933da
321959,0000000000000000232f0f338b4468727d10636d920711e95bd73e187228302b,020000004f93020bccc20269505fcfeb0c5e8dce10517ec81e40431f000000000000000023303f6d1bd3b8bbdfc03a666fef6de20caa9d79350d2372b51c43960702f70dd2a81f54e9db2418410a7cef
321675,00000000000000000e0e4dbd2c33b0b909109f4bb9afa8d6dcf5a55bb3fd6256,020000004c68e530097b5eb4102997338577996fc2450969fb6e8c0d000000000000000012c366c54e68e9530e0d0f37795906fb5d09a459368468c7d3ddcda69660458640721d54e9db2418c9cf89dd
321504,0000000000000000058969095ceb8a4c55a434e27ed2614881a155f482705d44,02000000db435af72583047062ca2e8779da751800bddbac54ee611a000000000000000087751894d95fea0036bc4a52399c03c7cf3461dde0936d67f3a7571bdf189d1f8e0b1c54e9db241856f3372d
319702,000000000000000011edd563092bc2745a7ef3afef1cc9a7677b771f8cf6abd5,02000000e6dd6d9546e62277e0df405d19ff47e00e56e11c8837290c0000000000000000294c118c9c09335196b116499be649329fb5ca2195900c2532593f91c102775678a30d54ee1528181d485b74
318893,0000000000000000098172a320e422e1ce0f1ef08b0331c6c89884a385f68908,0200000053e041a6b71e76fb92d9899c9d6f93b8ac9401f9c0db7e210000000000000000d479abf661cf78c27f393c106e3024810d1432a33ec890f8bf64689cc5b01b8829f20654ee152818c425f326
318577,000000000000000007bb6c08b5494a30a9a234ab66fc9da209e17fd13bafd965,02000000256f367d035308decf3415cbd30522843abe65476c8df10a00000000000000008921ed3a81d6803c62dfdd83b384a68d7e25e6ffc6d7d9772f294061b7ffb59b23390454ee15281847a67cc9
318497,00000000000000002c10d7c7dfc1a8940c20495e3582300e52a5d94dcd280f86,0200000020d2984af5055f064153b4a907b5c052b4118026dffcbf16000000000000000098c74e450d9933f2784ae87725aeada2d385ea44b87baf57bfcd81759422c02e4c7d0354581c2e18aac86acb
318350,00000000000000001f6cefe536a34e659532f59277fe9403e427e6a6bfd6eee4,020000004217519ff3263d6273e5063f6c93af8ef7666417eabfb6150000000000000000989694529747662fd7e3fa62c4be1b98c9c532bdd885a7f7c937a4421f815657027e0254581c2e186955aae6
317793,00000000000000002da02640fd585d6fa7b13e97378048c67df3d84f810d098e,02000000f8e27ff9fc4b36e67acc2d8f47ffb765d7aecac7931eb018000000000000000002806026fcd0e256f9726d2f4a8e17a3cd9929980a20fde6d49e2834e5f293592148fe53581c2e186c392350
317590,00000000000000000839507dc27f974b2380dde870a3dc637986e32a8e00e379,02000000af86c88addb0f3da85eff8bd027bc1197a1c670fa84b2b010000000000000000b9f469d18b48d4dfd403b575cdc4dfa52bfff7c54506761d0d0615f17a7101c5beb1fc53581c2e18464d6cbe
316926,00000000000000002676f2427a75480e5e45c8b03c48ce1d3e3fd3a504d030a8,0200000007f0be9941d17452d45999711320b7cd87814ddd47f95b070000000000000000f1568601bb7bd6d800f1339d5c9c92c983846e2bfd0b06f242e816a9bb776c38b5ecf653581c2e18c619a6ae
316781,000000000000000006cb24b399c1a77590c6f0f2efd6a9310e961d5c5879f500,02000000c0cc8d456b40490a1ed9c43f54f4c397c3d1f6f5ee78eb0e0000000000000000938121d2f9f97b4e7b534dee778dd3edc8590f3be4fd2744fe9b2be0ae62e1da00c6f553581c2e188698d58a
316734,000000000000000021209eb135494f353799e0ae42b42074350a084afff9e8a7,02000000604cce8165c97c803810b0084488ad4baf463133fdd765070000000000000000f800855ffe15dd3f97d3f7f07cecdf415ba233bed145ed8d21c4dbe12d97a806af6ff553581c2e1808a9d26a
314268,00000000000000000a5752e8c268eeb99a7dfe4cc7c5834274de168a598664cb,02000000810782dd0543d967bfd97d34296e949caf34ec53ffc6ba1000000000000000005932d515d503b1680efd4b0d2512afaa23904986d1b9114523895045c83a586b7784e253a2ae3a1816cb0a72
314252,00000000000000000a5d973c1a2089a3c6d451cd7b1cbb7f8f13d71092532565,02000000c42d370891e493fe8ece29c05380d1b2a00f93d449ba8e390000000000000000c3fdadeb039b9fd0489bca7864a7ff3590d5d971a18e75d5c9df9e1cf755f5f4cb5be253a2ae3a1833077aec
311796,00000000000000001fadcf195706d944e0ed801957bc4e173fa5f824a8d3ec06,02000000e72ba605ec0fd05a31c136708c5274e70169a50f6b3e72310000000000000000ad7b09414b4fcebb52c7abb2c32a08d9acd2eaa00d9ebe0ba87c5f6d39c31f5152cecc53e66b3f18a0bd8404
311386,000000000000000011f5b1aabff033b1973bc970188ed765806f399ffd18dabd,0200000058a73ed121e61ab23facac90f33855cb9d8422d44c927a39000000000000000019ddd91d7ce18e844fc50f4504eb892afa6d1ce81e5dac749cff9ca028f8b243c486c953e66b3f18405f6dda
311023,00000000000000001fe002705867108b54e4f532f78358040c7d2c0e6611a24e,0200000044fcd69a68164f31b8ab4ae8b5da85c0dd400f27ba485e310000000000000000ff99d3876db6f1cefb5f7e01e5c0c3f2ce314e603df6e3bd31054b98a74e81dcb7a0c653e66b3f1834ea3974
310928,00000000000000000ad5816f6b4d9d9ac7f96d4a08d3c53c2096407fb44f326f,02000000cce8bddcd9bf40bb83bd486aabd58b8e626815cdb8a05332000000000000000002f2b4c9cc94f990a444870d79b65abf52ccf0d56cb8959a7179adc077548439bacec553e66b3f1898665faf
309645,000000000000000011e9f7502f1c9d83996d7c64ca9135cf15332fa1436d8e2a,020000009d41e4d4acbfb3d9df774686f3df51267b1bfa5f49d4392000000000000000009d0107d05ccf2cbfd2e2bdac9b96bf646999a4a1678c737ba5c703d1d061d13cc6e2ba53d15f41182bf0f564
309343,0000000000000000322c819a508e8fca8fda8221a8d5b422a34b7a6423403d04,02000000b0c3e370a88bcc29b9fa4f66266353370f56891577fb7b28000000000000000028a3c05599a8944efa95cbe30f881bdc3355e5874b82633e206ab07af1b32eeea70eb853d15f411869942504
305423,0000000000000000455efb728f295879db1b501454adaa03b6892ce9d990732d,02000000129a2bdfa6b232b99a6070dd302662b6e44cecfec1b9e1300000000000000000331aa502b5ce51949e83c365b642e5e2bb14fa8b13ca492fd595c68015f24fae9eac99539a855d184fed11c1
305382,000000000000000006020e31be1977917edc501fc4d90538e946426c5be95a1c,02000000f60f2b42ae4ac5993efd2fdd239836d108904b30f842fe0f00000000000000009cf6d7a47de64a39c7495d9d808210c967322138aba0c3fb53cf4e83623bb5af0d5c99539a855d18d25f67bd
305344,000000000000000023cde5dda5e2fdfa9ae7dba3d484f64288d4add01f92b4eb,020000004e24409e1867cab6653c57602530d51d2254da6a71773f070000000000000000b25f44b1e522b48e7089ffbcadd7f70ba08622a224468d6fed02707cec4b7772ea0699539a855d1899ce802d
305138,00000000000000004ac89fdef43340959806c3d71fcbf7dbf9425386c305d0ac,02000000505f01f1a0f8fb41d85825e947666393e7af28152302e50e00000000000000002ccfc5fe44299b24811a1d03daddaf505f423a531a2caa1ae798566bbc26a860244197539a855d189ea7ddb8
304991,0000000000000000193c08f79d20f5dc8035a5c0508c0668776335aa42cf2be6,020000000d5c1b96ec16f55a4623b6917321584fca4df3b742f493460000000000000000325e169b594c01e9f3df4453c02a120c660aa569add887b72554cf1e0f3d257f7b2196539a855d18c2c85fba
304853,000000000000000009ef0cc8f442b9327c71d8bc50a9c820d50f0b632eb71804,020000009aad14d69dcac340c82149f7acf9a0cc73c297b106e19851000000000000000018b481feca818d936fc24ae224ed505b5901121f4ca8aabe8bb0db746a7ae8bf8ae294539a855d18025cee38
303655,00000000000000005ab22e0e66ac5c5173831f2287cece1df2b08bdfcad9015a,02000000b19259c57330b979f53f07cd7e5ee30732d86182464b6f0d000000000000000041b19074f7c17adab64e9211dbe7ae1b317bcad9fb5895f8f3097b9851004c4a3c268b5342286918ed79192f
298362,00000000000000001b84252497963c317807092497b328a64afeb5a14bad2f1b,02000000f0bdb6d5ae8b1c2e044e7f2ef92287cd5e04dfd9dff58c7100000000000000008609ec8a1ef071c724a4cb870b081b922755baca0a619c6ad69285b6021d5dd74f1e60538c9d0019a63fb2b5
297744,000000000000000078a7de80aa512e5681bcc1bee42de562dbe021e06f8fec0b,02000000a8310be8ec4ac7c3f27d1a74052308d5ed75697a9381599c00000000000000003ecba9f0c2e177ae3475eca9153dcfe5f830af38e08a187555e36b617ec79c4218325b538c9d0019c87f369c
297295,00000000000000000e83c18d7d7d26761e66186c763fd908d6f70155cf32eb49,02000000bdcc71b24636fd92b69e85a745976e97dcbc2618b0ef249a00000000000000006ba6b50bc1447358d3fa95431f25944fa7a7ea94110d399a77adeff8ff15f69ba49957538c9d0019bc1b5fbd
295272,00000000000000000c3c02d964698c21d93c179bb1c84bc47b7aa5a753e962d8,02000000da3413bc7202c11b4f5eb3f9062decc04a82e034d8c46f1d0000000000000000cb57b0b86702d49129ede1b569a9e9dae17dcae24977826c829aeebfca12e72573014853aab300193fc8aae0
295112,00000000000000000adcc73e8c62f817aa7b896ff21d48c36fd529701b741d5b,02000000eb53d77cec4f22e51a2aa106af8038f22902bcc20d0b1f1b0000000000000000c8a8f8cfa076334775b10a602b72e2534d817466c82fa82d19cb6a83e479c5498f934653aab3001989ddfe89
292341,00000000000000002800a499f8f2cb449b7f9393ebe3a9b0c53a99e63048195d,0200000038ff17cf1f7396badfb08f30a47a8b0cdedb0f7c3980e94f0000000000000000792aea0d9985f0ca1362086e8b3bb5e949b7b75117cee1002d7f701317b6ad916ee3305399db0019d450bd01
290178,000000000000000072cf00ee6784478d9f1c8c07f9d31385a4b9b95b6074f690,0200000069ec13bf9328ab9f329bc06581a07111bf448b5e26d9caaf0000000000000000ddf463a289a68fee11ec78c47282f1e6e157e3ab692262c30f486911f6b39851c22b20532620011917262c39
288852,00000000000000006f75d48736c4ef373a3eb6bd9541814e3ecb142d028a8378,02000000a9ffbdbbec5621de680ec27f18257438308dae9650bf997d000000000000000000eb2224be0d46553866b49a168a0e28141ff013c2364e609c09d009fe7346c5999315532620011990a69a7f
288848,00000000000000010bdfaf70e75e00b1cc6fe34ec45b5511d4d77eb906b0cb67,0200000075abb04890bf952ab815fbd37b615cc7cb93e944bf47068900000000000000000504db22db63929809e8fa29ebca9606fcf932e406709ef711f359da8844a554be7b15532620011975616e0f
288737,00000000000000007a63e153b46c63e1e15f8b23ae43b5a4172312397355a640,020000007e0696b2b8f92289604276ef0449231181c934ea44ec58320000000000000000ad13cdb62d02cc1819e2ef06d709fc3b50e557fe0266a39626d5292ea29889050d831453262001194e5cf949
286287,00000000000000000ebb080435bf874c8168c156073f032b7ad5226bb978e87a,02000000fef40dd794b913b4a123b89a35c45593ca21051663cefd30000000000000000008ddfebfdc8075d6182e7167f47746619d2ac0a1b551e9971720372ccc03bb8f766e0153535f0119986452c4
285869,000000000000000132aaee801041431fa3ac66e61a5ffe240b08a25f32b863dd,0200000019558449a9e6ea132d881f261613f39678f87610d1a0fd800000000000000000edb4924a898c29ac9e7d57de1cdc4944576ec316f1e6bd4d1c696a12471512fe2985fe526ea30119077ab633
285818,0000000000000000f61d8b36a8642e573a81248e5d72fb479d80e14ff723c77b,02000000226cd1c59fa95df7efe6b8f95a5c2b16cba9db593a66b2f9000000000000000063c7fbf56b19901e88f1cceb48b2490748922e87cc1a5f4b6fa401399cec5c838a31fe526ea301194439b278
283954,0000000000000000929fd0508b3f540b377bc1091065585cfccc0e31984a0e83,020000004e76f8df0c7fb53080d5812b06de88cd0bc7a67ae481fc3001000000000000006aab484933f6dc010086bf2c903ba13995fb1a708ad7dd7f14d469315d77bb1a9192ef522cf501198663db38
283905,0000000000000000a0e85623a84d510b67089116df517ec7b5e1c9e55ed028e0,020000003f5657dd38a78586422ac689165fb3b031eee9650c4283470100000000000000daf60ee47c647980be196ef98a4a05fcd77bc7a8bfa3a5b2f4293c4ac0c2a976c63def522cf50119c2c799f8
283872,000000000000000037f2a00fad324ddcf276f9b18d0a8a9a43831f5555b10ed1,0200000018f610a32599b30cdf27ffd69873df5368dffc38b43c2664000000000000000007ad502899dae5210323558668931985d36be9948b920bd0a9bc6dca7892e5f3a306ef522cf50119896307cd
283869,0000000000000001a0efb07533ea70c8cf8897bca4ff17995fefe3b5457b9ef1,02000000ebf9fe186776543f310f1d9a11f840d3e2d3e956ef24a380010000000000000050a3502440a2e46b97e6c087f142e87128c7d2abe2af55bd398a92a16ea1c2f97d00ef522cf501197947a184
282615,00000000000000012c3aae4b47c41c1c8ad710f28761ad22753634e0875a9947,020000006bae28651359218aa9cbd63e7789c7d9975a5aa508d25a68000000000000000022437158fdd67bdbc5df0dd551ef016e2b2c0fb1bdfa08b2e32bd199ec55dc0cec85e5522cf50119e2d3a19c
281334,0000000000000001c76995c3416fdb3dcf5c9b85b0ff18f60eea9d3ccb3f59e1,020000001bbb6e73d9dc3add8d1c147f3afe170e481674393251d7730000000000000000c09032b4760ad5b9820fafc265bccbbef98354f59b526327d79b0c5fb87db84209ebdb526666021990e40454
278484,00000000000000023822a955fbaac71efafb166b579848ba7bc8da39efa0dfa4,020000008c38096dd2a4745364d3df43e19f358ef6d2734fbbc6d85102000000000000009392a62550ca73d0a995ca86df9150fd19a91f31d860a91900ee1612214922718b28c7521f070319998c2aea
278359,00000000000000014ca076a20ddf4d03c891e9e423964fb8e8894a77850a9c34,0200000049572ccaffbd13891351a303d48d8ec42b1359f76d19cebd0200000000000000b5b8f8a7bd597866a7bb0958729ef2b9adc5db6877b5462d30ce29fd887033c0c341c6521f0703198cf8c517
277595,000000000000000370f501bad48cdfb6a6713b9d51f692c5dbc90039a9d278e5,020000000abe96f43726db26c21ad340a256b533d7f4485a1f459d0c0100000000000000d43ba4b27e9a1613233be30b90bbdacefea0d516466502f10733a2695c915333d56ec0520ca303199b45ef4c
277447,0000000000000001f5c894a980621497d67b686ec93ab95da683ecab98975d40,02000000c517069286ce30f7790ca48af6a9fefed2382a86242815c80000000000000000f65238b049b06409ce1013612ca0fd16d34aea7c5cfed8af9f662387a79536c6c830bf520ca3031975d03259
277197,00000000000000030fdfd60f4a6062ef48e618795830c775602e6fc8ab663747,0200000068defefa2caa0acc66743ad198f03c693043e1a29495612e030000000000000075fb19996518841916a02197c74302fb84ab6fe95f24733e3f4cdf872ad0143e0132bd520ca30319af815d6e
276821,0000000000000003707bbfed5173b020fbab4970ea98b79d788bfc0c6bd428d2,02000000601ebd15a6db9001f870e196a313f9592bb49ab2c6ad56f30100000000000000d126928be4a77da3d3d9277f1cf4aac64ecf01818f97fc0c5cf80e4070e5bc5ce857ba520ca303199aaf92ec
272157,0000000000000001e9b264dffb36981be5d1039b6ddfe21f951615d5bed524f0,02000000a4a6b668b5f765a396a5ee6d6004b57f5e11aec9cc488c570000000000000000a60849c978c68b671c24de4059ee9e4186848b0e8ab2d44a4daf8ad3ea7cd73c22bb9852fb0b07192ed97a62
271665,000000000000000648f10ea7d68a4a984d6335907c44114e84b34f4603353d6d,020000003b1ba3aab1b6f0e96322b7a2cafea609b457538bfa79e06102000000000000003921d17a0b3dde1ba3d9beeb43586832c29c249697d7bca9b4069873ca1119cd8f129552fb0b071952a92bfa
270752,00000000000000012ad03ed32dd39eecd999939e4fcf1c842b3e1649c059acd2,020000004860f20fe32d7ea026f01d71a6d86fc4dbf2559367bbdf5d0500000000000000d15da578153c2173c263e550af6f97afed4e5678fca584ead458ca1144b2a87774e58d52fb0b071908fb74ef
269607,0000000000000000a223abc1e5b10662b0eea1af15fc5a01bd77bed6ad0fb4b1,020000007fd6e7aef933108f519d2b4debaa98800b690e43c0e7aa3c0200000000000000554357000c8c17b06a88aa41cfe87fc667d78ed39ce0662683f5c201826e5dfe7f048552f36708191f40f99a
267281,000000000000000ad5b2f565ed6afb0f8ba8a8af1a5a56c95467302f782185a1,0200000050ea481ed4ad9555a44cf64faa7b744d7f41cd3610c718150a000000000000002479ad71d0ae189296fcaa3df31e8ef7db9c553db94aa06929481ef1884ca941c498735285fc0a197cff96f9
267095,000000000000000adb8097f5e3e996f260318838c947abc794aa5ce9de913b81,020000009ba81383e79a788bb08d03c0776a4fb47a6c3a470a5d0c4503000000000000008969a466f437ba5e889bf8e1e08971dd0652c9676a26ff06881cd70b4c2abc361b47725285fc0a1908eaa9d0
264402,000000000000000db0e1da2efa61c99436ab15a03e5a4e20b51d4749fe6e2f3a,02000000c122d9cac4b6804dd520c4ff3e997fabf31f91a4ff76e926090000000000000056daf50e7d3d5522d1f006469737dd7d455fe9a879b84e98e83409862e5b9c73a0f36052b60a1019a64e5f30
263909,0000000000000005dae46824234985918797c352bd1d19401feeac387bb6cc73,02000000c39e1146fe24a0a5dca404f07b40ee8127f104da4414e0cf070000000000000098f384c6e74efd811afff58a2b2ab3c024e211e5675e350e9b478a635f74cb9ebe855d52cab0161989ee2d42
257320,000000000000000bf3ef99e0dcdd88f7c7a57201317fb51922e723ed797ab8d7,020000008b36f0af99eb9c852228458b4a5157468e794959fc0ef6701b000000000000005c8ef11dcbea606008b428565ef31ee6f483d4f82a6e4df8912b1c4ce0964f863e7130529c67311949e628f0
242525,00000000000000121de239903219f9176efbd00a8cc933bc32187ba89802c944,02000000375d5c5f1080faf959f2659ae7619250cf11a96da25349c4d000000000000000f7f1d388dc67b0e65a73581a85d999054cc0ae224bcb82ed82422f83f68e8a92b4bbc35115de001a187d6602
239563,00000000000000d736aa484935a8fb3eb74115f52a58055eeb0a347d642c866a,02000000696bf48769c8498814989d896494823222116889fda4807946000000000000003d3d99a1d252c730a91b9555e2ecf74b06ff8f6d9f35c19a5431444e24bfda11b516ad516461011a83c596c9
222150,00000000000000b99921fed595186d23646950de2d630d005e6bce827957be45,0200000023964bcb768537fa58b27d285f2d1ab6b3c0ce9482a93d2871010000000000001dbb22548cc618f2f0227e73a7ba5f4fc76ba232850413b73888edd76e5af7530b9424515c98041a0867d1a0
204783,00000000000003b3ab8b904a43d63bba26fe01bdde7b41cb687b80941f9899cc,020000002b6c4d37184864ca4b684cda52654c13599e6dd3fe979c0f8a0300000000000003fd1b018b5b2ca2ae9f17d598ee430efa23d7017fc84d54d90969df345887d6b1118850ef75051a071d58ac
187452,0000000000000995627a52c5ea0372d926539a615c972a80455eeffce444f6af,01000000a69d82dd3776815213cf8978ba1b644bc06d1322d7f79f8d8100000000000000c86ee918d7c7bd0d251a77f34072d5543c9d9265243bd0a7cc7add1445098efc3ccff34f8ab7091a45f3049b
184932,00000000000004a76fce2a2512b4c82efc6e87f1461520cc22fbb26f6c132ad9,01000000d1c37d92c3fc5a175b7fc2c71605cf253bb2e683d8b9aea797070000000000009b77957068da3ab07f5b2a05d7948e5a13ff1b0dc584c9a193d36401c5c56d45347bdd4fd6980a1a0ea138f7
184329,000000000000030200a49fd70bcc4bb988fc1dd380ae02dc5a37bd8e455fb85e,010000003eec8d88184a695c673627eff47a5baa1d185e8e3ae17fd4f0010000000000004d0c81531b730f4efab8d10526c4868782881cef650b1da6003c670ca126d025e463d84fd6980a1a265790d9
183565,000000000000041d007d54209eb1915216bbc7f3cc16e6a7c3f13306dbcb7cd8,01000000f48ed61c30b4ae9a2bfd4ea40c977e4a0894a44332e6d0bc89060000000000000fd1392a14813d4963e2b0ffc718917746c6139cda849a7c5344c5e73466fe3e6cfad14fd6980a1a262f8972
182997,00000000000008e7f65ce77dc399eb5dd01ad5afa6f037af79a7a0103b0d5ca4,0100000098c6e9634ef952cca85c2545503fdaa1ee42023f337340096e00000000000000b89707b637cab407258c37f084bb7872ffb4527b6bb514c40a60274ee530666431d8cc4f5f8b0a1acc233c7d
181492,00000000000001a8ef912df01104fbaf49a658405c1203aaba9670e1e5e43fe6,0100000072876ed914a3bd73e7a39ef36c9fa989648003ea239727e127010000000000002202d399662eed598cf2f859fa95c4a06489375594bce9331efa27057f66d591fe0ebf4f5f8b0a1a8e2a33a9
180334,00000000000005b2c608d2e7bd7651b1132afd1cab20061ecd92b814d7ae619a,010000006d9f839b338cd0a7fa1a7fc76adcc6cb2297ab2cc08d2e444401000000000000fc108871cef666768bdf21d65d87b2a2acae3474f664165c631840899354967fc35ab34f02ae091a40774836
179641,0000000000000894953e2aa6fce46e116a6b7b9775ab0fe61380dcbbc09f4075,010000001fa8ac199da2cf32a8e26f931038471545eef863300af37dd10400000000000002f2d67a92b79c1cc6510a2e11f4caa676d6855be8d3e9d0f0fb61d9ef42d6d7f098ac4f02ae091ade71ff37
