chain,btc_header_hash,child_height,child_block_hash,child_block_time,verification,note
elastos,0000000000000000000528b13b09f842b428401ca02f44be163868a8e719bb69,360062,9b1bcda1a87b2da1a4dd29d0411b25045ab8916c7341d8014649e771fd837b42,1555689043,auxpow_parent_match,
elastos,00000000000000000010fe8e49ae527e56b127f60b9e3135fd4499adb900025a,387997,78484e8ccf5ffc375a94bcb8b5f85ced41858803942679c0a72aa026253a45be,1559012180,auxpow_parent_match,
elastos,0000000000000000001253a5f37d3763dbe928d21f7d72a708f05268c044179c,388081,01eb6d2aac6589d84090548d7b6da515b1119e2ed3bb08eeec7a48eaa254a84a,1559022853,auxpow_parent_match,
elastos,0000000000000000000705b5fb5ffadd8bb33bb8e7b0cfd6c9c295fe9267e992,393224,fa9d7933e5b3ec3135a0fb6299fc70c8dedb66b77edba02f477f7eb2be0e8f5e,1559638661,auxpow_parent_match,
elastos,00000000000000000012074f5c5506ca0fe5fd10f6b0e67533b2d62c143e7823,395691,526e3f29d71d8ae21696dc99140d2513af77ce498fc8b55207a746a6635e49ea,1559938268,auxpow_parent_match,
elastos,00000000000000000015f55314db07fbebd61747a8f6534d32b2ea765cbb4342,406172,d8e0645985b5aa3c13496994ee83d036a311a93f2d8cb61fb0f50eba5008b37b,1561188660,auxpow_parent_match,
elastos,000000000000000000160d6c64bba17309eab4221b959cf188452d458b69b7e3,417255,a03f61d0ed6471eef950af8afa3151a3a4a65f4356b806abbe5f57fd42d242b8,1562506858,auxpow_parent_match,
elastos,0000000000000000000cec2040cd2a8b80ec7d4434a9aa5ac0fbb7ab57d24037,418004,c394c701faea8507df81d4b6b7cc041932238aa673bd2dc60120c7277a09a22e,1562598003,auxpow_parent_match,
elastos,00000000000000000022fafd684ddaa824619a8ba09fad39771662133ba9fdae,418382,747120484cf37cb3960ebf71dacf52f7d8ac35b5c2e49b1a4b9dcb91541f2735,1562643038,auxpow_parent_match,
elastos,00000000000000000013f5cbd74ef44673d13f424fe96ef65ce21b6fb9b09d2d,418962,7f1cab57d619ac1b5668df1d5bce536dff75660fa956f275a874737e834ae765,1562709120,auxpow_parent_match,
elastos,0000000000000000000b47042b90c6a893e6e5cdef70c92beefb88f4c5fa5a69,419444,689ae2b1868acb6dd849ad8e9e3a95f08bbe7a82c78136d6bd1c305ee320f71e,1562769172,auxpow_parent_match,
elastos,0000000000000000001d52005a757e38b370dfe86a952f17a1647578546b0635,420871,abd14487e9e951cc209eb5340f5523464c6e2aef70dd4eabe8f16e277db07c84,1562940150,auxpow_parent_match,
elastos,0000000000000000000b4b3daf230a489c3afc7238c1ae788c611e1c6c448ad9,435830,84062ca20c336d2be45a0019f21532d919d68d9076daed3c83bbb8a85540b19c,1564740401,auxpow_parent_match,
elastos,00000000000000000014026826002017f841bbbd60384be2cd562dc9b6e96624,443534,8f6543183f872216e6e2333d8ead152345852b1aad0380420879f3c1409e5c60,1565742452,auxpow_parent_match,
elastos,0000000000000000000c0ca13721964a48358c5e1ed8119b5e2de20ab7d9048e,448418,1ee8245ea5f39d6a1e1aa7e372f40f285a138bbea84621d81c3d8b76d0595160,1566350259,auxpow_parent_match,
elastos,0000000000000000001a4f3ad036ff22bc0de8292a5738fa4dde3de604f52e7a,455314,ec653c096d8feff7bd3d5fd89892be56fb1e333220a5a68d0b22a4ee03b3da80,1567176502,auxpow_parent_match,
elastos,0000000000000000000d3d23e861fe0f8615320c42ccb263a8e8dd1b807a76d1,467112,7cadd95c4d6c3a764e16b90a359ca2d57beddb312811022fcce2bf095640f2a9,1568589246,auxpow_parent_match,
elastos,000000000000000000136de8d19fe5c250b396233959c0f024db53185e28b1ea,474404,44f003ea35ea97dceded2e1da7e53897779fcbbf2d99c69a2c698cb0dcf8beb2,1569456230,auxpow_parent_match,
elastos,00000000000000000003042ad7a7ca619a209e386f16209adea5001e5183a827,484988,44c24b6ce4a88f7cb4687bb70987d53c6e6f370aabc02356848b20cc9dfc2c16,1570736146,auxpow_parent_match,
elastos,00000000000000000007cab2644261df83f039cf75ee21eb761cd26f4cec79a6,489036,e30f44ddf40c951f54bfc00c0f3d3320dc8e061ffa3ca1b3eb1fdcbcd46cdc41,1571225620,auxpow_parent_match,
elastos,0000000000000000000cbde2cd379631dca3e115b137eebe619f70f801ddabe6,491518,023a300120729f5c01de07e6ccb15cb28d4fed8cff420ba75cb6cd2d9c489a99,1571523267,auxpow_parent_match,
elastos,00000000000000000012cd51c80d0799f2203524258a8211a70e5b98ea6c8789,492384,a7d5628778319d9aeb940962c5305be9f188e6a3d308963179cb824b7d4179a2,1571631125,auxpow_parent_match,
elastos,0000000000000000000154625d1aaddb007c78fd2dedd6720413f8de0d5af00d,504756,5f5f7ea589cca313abd63d504ca9d239480073b65bc9c64b455885abe394a989,1573122777,auxpow_parent_match,
elastos,00000000000000000003f157f664d073add98ab0ad49b2d56da8b93ee870a854,506755,a89d99ad97b6070aad78bb3b701b7a4f9404288f1ee06a3698902c0018382624,1573358463,auxpow_parent_match,
elastos,0000000000000000000704ee0d64be5764b22536ae0ce616c0c6e1b5dcfc2e29,515574,e39b1146aeca48ae747ea032645b65e72dd01297c7831331b91510697bef3458,1574448238,auxpow_parent_match,
elastos,0000000000000000000217205d4aad05b44e1658b83c17fce5ad70e8ca2b4482,557882,1e5afaa26e35a6c10696d07e92bd07d2813fd53cf48f866d9da175c5a54b880f,1579497747,auxpow_parent_match,
elastos,0000000000000000000b121355a393ab955f76349412a10cdb9f252a06f08874,557947,9e00a35c11bd84580d67a7c0e5afe28b73f3f486a205e66974eb7a910dfd7015,1579505028,auxpow_parent_match,
elastos,000000000000000000059aebad53ff5045b0ee5b54cd1b0b1bd6ea928aac3301,558366,6cfb3549b0413841fc3e1fe1a4f210cb400a16085e523d12e829be440e1ba4d0,1579557269,auxpow_parent_match,
elastos,0000000000000000000305f9d4c42f2b52ff4fbdbcc6465f38082467aa31b78e,560469,015ad2fb6f13823a7dc8168d8be318b06d60dbd300fe7ca2e24bf4fd523ea7bc,1579807614,auxpow_parent_match,
elastos,00000000000000000003702b2d8cdc985ee60c95cb38f81f13b8552e7bcf43ef,571155,7bfe6a65475d5c8fc9a1cf3d44312571e2f97934c820b3764192665e70996d6e,1581090916,auxpow_parent_match,
elastos,00000000000000000006d0d410adb0351e136ba991047e92f881cc6c2eef7654,571331,1b19c70e9dd1c3847ae295a261d56257ae06ee1548c5eb4d715bc301c14ea054,1581112334,auxpow_parent_match,
elastos,00000000000000000005ff1702c937f23d1121b62c483a38722bc4274b4b9675,581630,e49e7e3aa27bf6367ee604354beb69fb32f105f52915d75d2b233ec8ed2ea75a,1582351935,auxpow_parent_match,
elastos,0000000000000000000970e75c996a01a0dec03709d068124310d0d2dd4a608c,582334,cd8aaefbcf1fc39827007670e6ab26160d897e90086a8aa0727b7b5173d64ace,1582438516,auxpow_parent_match,
elastos,0000000000000000000afb64a255edf537c7c90e5d10d62a7743f2d189e9bbc3,585115,9e2a01329893f432c7d38eaa5fe8d90db7b3a1cc0106d06ec385658146292c8b,1582767213,auxpow_parent_match,
elastos,0000000000000000000d6502316008e4aaffe4ff786914d1851da5ae148083db,606319,9b2c0597a45e0bbf62bbf444e9f3d88241e2e6edfbcd80f16a6a606462aa1b53,1585339202,auxpow_parent_match,
elastos,0000000000000000000b15f6475c47a75b03ede17498e5075f654c597f57f5f2,618991,c0366c66e8e6e1cfdb72f8427d227e56f33a2589222c2c3317074d0bab8b209f,1586882738,auxpow_parent_match,
elastos,00000000000000000001f905ed555d9024c3c846624992d1c3db29cef59323a4,619324,be33dfdeb9b1ccf699c792995da2e5779b0c3a7d75ec6bf1a6874dfa068b48bd,1586921707,auxpow_parent_match,
elastos,00000000000000000010c4359e2eb26b527b56a44c5dab4fb57635731c496366,629259,ce74fe8658bf937bc34303ba43c1db189c9ce75b4ece12efa958d1850ed788b8,1588129277,auxpow_parent_match,
elastos,0000000000000000000caff4c4583a66d158d5002d7ea23612b9e0a58467ba44,647024,cd8fadb5fb5d64c9672ce0627bf72cfb0cb363e10a9100940d78762e8f82f1fb,1590309817,auxpow_parent_match,
elastos,0000000000000000001102d5c5e3891ffb14ff61600ba21eeff7d40f3c122459,650255,a9e15ee317877294f992b245a46056872c69333ac886c370a1094d9d12728efe,1590686673,auxpow_parent_match,
elastos,0000000000000000001470238e3b4e880f1608223a2192707ad04cb8d38110f7,657194,498687cad363512542e43f68a89441a6cf6916cb4578e787cdfdc01dd0d7f683,1591526083,auxpow_parent_match,
elastos,000000000000000000068588f0045a0e8da55620a533082279f3cceee4ca1c21,661351,5e231e39246679d094471b9025414293f0764b72857de1f257bd318cac40b630,1592008267,auxpow_parent_match,
elastos,0000000000000000000202a9e5a9d6086a604038209d6ce70acae159b252c5be,662385,21a1329be74c3ddaa3bcc31607aa79ed135866bc71928258c6224f08fa0dbacc,1592140437,auxpow_parent_match,
elastos,0000000000000000000e83ae1e2f069094cc1deab4aede641e028df3c8507b41,665816,38897995ff7fe7e94e1157e3d838eb1e1b048b802246357164fb2bf7f04a720a,1592541233,auxpow_parent_match,
elastos,0000000000000000000eb3e017c081b6006fc3138a0b34649219569a9dffc961,669925,773e96984a66b768f4cad4210f92adc90147cea29df451cf401d53364daaa114,1593030748,auxpow_parent_match,
elastos,0000000000000000000d2f399065ee9be3150a37fd6c9ee1676a7688862ae2fd,703752,127236a1ee0d0d3922bf5e13153114aaeef13babc75a72c40c21d3b5d452a3fe,1597090773,auxpow_parent_match,
elastos,0000000000000000000ac8d61492ab76dab7451373c6eaa6803ec0244f623395,710630,50b96eeabf80bf3051eebc89a525580a6ed777fe44fcb8283b3e744bf8408a0d,1597923375,auxpow_parent_match,
elastos,00000000000000000008bd49d6baf8c61bccf4b0b7fd5803df40e5880c73867d,711400,1406e28a0f8b4e79075699a8eab147b35371abf005013e4a3c592cf1f47bfc9b,1598014464,auxpow_parent_match,
elastos,00000000000000000004c1baa2412fd31eb75bbe79def4f66ef97e0e15a20668,713789,fc46ed54e92587b8f7d289c0a5064c1a0ae0c9f407af2fdcacf0c0beac883869,1598297110,auxpow_parent_match,
elastos,000000000000000000018431f759c8a5cdffb59d2d407bfaa8dae1bba1993c7a,727751,96ae4aad71d27726b0e7076d980c76e971e1949286695a1c95ed00aa6275d432,1599983491,auxpow_parent_match,
elastos,0000000000000000000ea7dfef484d3097105882330e01f009e89bc8c4fc899f,732112,df77c2c465a7a3a6aa27c2da2a1a457ab27f217fea1b6cc8a97498cab4f1fc4a,1600505919,auxpow_parent_match,
elastos,00000000000000000006c8024fe052b0141339995d8a724450635fbee3eedce4,734857,eee761ffa0c797d3a4c16a42b2de3e0e63e785870d05a428821aee09e9a42008,1600836913,auxpow_parent_match,
elastos,00000000000000000008df8e70e629348353dfa586492f91dcec31229dbd1eea,746139,d7b01b225715947f5d9d3ee820e04a6f8ab9072c30f7424d1228b2abae96cf0a,1602196201,auxpow_parent_match,
elastos,00000000000000000003b8dbdcd67824d763a67d20601e251f90e70af19525b8,748616,35b5d374f8845e581e4750000a96791923b7f23d982685a6b0913efec531d0e6,1602499427,auxpow_parent_match,
elastos,0000000000000000000a858824af67b6e59845b0de48bcac1e8133c5d7411dfa,749387,bf8707a8a00063b961e995b0430c317ae5edf0d71d8f8feda2a95417b08dc9c2,1602594541,auxpow_parent_match,
elastos,000000000000000000073b64e3d8e3f0f2ce2ccc6f63cc04a0a9c7a61092c97a,749855,9131f57dd73e382fb26d1744ce7193cb7b97198d21a1f66b3f74a2a1ab28af8b,1602647475,auxpow_parent_match,
elastos,0000000000000000000600a00a3ce071b98d7c961cabe775c7bb73983d0e961c,750961,333259297b388290baf94467ef31afbcc68882cf1c9214a7d2cf9e5c06335d05,1602774344,auxpow_parent_match,
elastos,0000000000000000000480c4d9ea36b08d181882f81b00d3c66babe9e3012182,751138,9e27916a44b38f699c817f484926975bbbf4864d52fc78f81306b67ad9f8fbe7,1602796011,auxpow_parent_match,
elastos,0000000000000000000e42c7e71c09c6e31c6f740d19c22b151242952ebef322,751899,f07c327f7a920a0231875ae02303da5297214ac013661ac78fedfca0bad690fa,1602885036,auxpow_parent_match,
elastos,00000000000000000001e103359f810f977e5598c33f058206f8bc239ad11d9a,755568,e3f532a3ee28d61860a03277288b4e571547c4747ad777f281708989b28ff6ba,1603331637,auxpow_parent_match,
elastos,00000000000000000003daa47cc9190cb32dcea750dce17684458beabe89fbec,755962,cbfcaf51d755f91e3bd056466286fe7370c1e1381f5f4382d10c36b6eb8918c9,1603374689,auxpow_parent_match,
elastos,0000000000000000000309d878ee05b72b4b51bbf45f356da00f823b7b369b09,759853,4c6c507727720d5407191abda8eec6cd742dc7d6309db5f6c8600e49b2a79cc2,1603862345,auxpow_parent_match,
elastos,00000000000000000005447f73cb1766c396c9afdca13d76a2bddd0b69afbc6b,759856,c0629fc082fb506f59e6749ac3809bddd9730ffa322c3dcb7399e339f0244f75,1603862527,auxpow_parent_match,
elastos,0000000000000000000a872e5cbdf79938b7fbf429cb63421112a8e919600c3d,760935,cd26dedfe1ea244f14fa8a3271e00f78ea67ae940aef352fcddc536cc94e4342,1603995841,auxpow_parent_match,
elastos,0000000000000000000d84896f7e9ad2c29da4c8bf0766cb167ca7e73e5535b9,764196,aacabc65a6547b7eb330ac6713e1fc53a55d81893298ea09c4c6a0467c546776,1604387880,auxpow_parent_match,
elastos,00000000000000000006dec1e0c6a73fb14a8d3975f7032bf7afe7387cb6613a,764249,8c646b1f1e3d668af71e4076ded2d1da29e953c5a70c53ed0c9cfdf2559f03d9,1604393964,auxpow_parent_match,
elastos,00000000000000000003899b4521357c1a914c924d33e370e0a1b1ad0cea67b3,764805,831e7bb701d4e42487b93dfe713a5c53ae081cd8f567c154b7171d427d4a41c9,1604458793,auxpow_parent_match,
elastos,0000000000000000000dbf679191ac4d06fdc2198ff94aa4ffa960617393d905,764887,9d01d92e8e7b536063feec24509da47761b7760f413bd795c0a0271d03d7087a,1604468109,auxpow_parent_match,
elastos,000000000000000000088692e55a40306e76732be060178ee919aa8f91e4a3c2,767471,db2ea331d2cf839b1155aecf66e5398fad4da9161a7f6d92feb2f90b1b6887af,1604771436,auxpow_parent_match,
elastos,0000000000000000000d1228138018746b0bea59dff3b7e6de98af0ede293941,771800,81434aeed6ffd5e7e7c4e8b211d6393847c9a0e22718d8e09d250b5328d5d364,1605282220,auxpow_parent_match,
elastos,00000000000000000000049605d9582b95a7e746c41d56d16550e476e7be3673,773180,c4fe6bf72abb6d6e78100720a66039aa14aeca4bda04a867708934f5a0a58a0a,1605454685,auxpow_parent_match,
elastos,000000000000000000015311bc1807d4e7a68226b69a3785dbc1a0aa61e80b9d,776400,4b34ca68f62096080f3d1ae8d91903c609fb214d76635e6b20f1bc726b574759,1605832390,auxpow_parent_match,
elastos,00000000000000000000615273567268c22eb93d02830e6b82e08c6f3f64bc96,779989,9c52c81c881fc8f03ee837f46637e1fe9392416774a8eb7b7eaab312495f3801,1606277580,auxpow_parent_match,
elastos,000000000000000000027d34c43d035676bdc364945809c3f666a25ff73ed357,791499,3fbbc0f9d4c442e67ee5352ecea69256d407edfe18410254df16ace3f0fcb35d,1607655669,auxpow_parent_match,
elastos,00000000000000000000b38392efc06f7dc7ba0eb962dc2902a37892ef428c63,792730,109b04ab3e4bef6fbcece09c09e342670d7c93e040cc0e2c9523b633078c7b24,1607807868,auxpow_parent_match,
elastos,0000000000000000000e0e769652e151ffd7ec27ed7e80288063c4ecbda9cd68,792923,1221b2d99844e56fa0609e2d8372db409383670fc18a2d5d57a346f60085bf62,1607830877,auxpow_parent_match,
elastos,00000000000000000006d890e1147294bf6d34bff9028d0567f2d48105c7b56a,797252,2da1c11689b470f659828ac4f865f76aa6bf5409d18a10a7efc604af9effa0ed,1608347202,auxpow_parent_match,
elastos,0000000000000000000404bc39fdc580154c6f70966acdd7d8808fee3865fe26,797277,3f398dcf1c7aaaa6578304e7cc8b9233106ceeb14c1f5465d0f3bbc26e12d590,1608349947,auxpow_parent_match,
elastos,000000000000000000000d691e98e804dcfd8772e6af1bbc63b62d895bbc533c,804346,7e464b4a24530f3c3720edbf5e89c498043adfa3c3eabb22e5a3cf5bde683cf7,1609202265,auxpow_parent_match,
elastos,0000000000000000000c7727c791fee3cddfc6af91373c70b89aa0765aaf7ba0,805941,70053f8f8272e6566e19094cdddeaad6e5d81b59ffe3a9e23055b60988b5c6dd,1609394306,auxpow_parent_match,
elastos,00000000000000000003b6f0620ae473583668c8df00979e9e9b55326ce97f6d,814701,9930b12bc4be78efcffd7d20aa6466b0573f79bc9b9552c77488411c0d299fcb,1610445551,auxpow_parent_match,
elastos,00000000000000000009c6131c431436862392d7f11268e0fe02ce575cd549d1,820028,dc2ab657251c95862b1b396ce7e8497fe45bc4b8b335f490998f9637dc4b4286,1611082703,auxpow_parent_match,
elastos,00000000000000000005e086e9e74aae37139ba27c5ba8b50ba5c773e22c6b61,820210,a995b25ac02f99b5e2467345e2d3fc903c05606d3716612e7b52dcd52f326395,1611105454,auxpow_parent_match,
elastos,0000000000000000000717ffae6ff8e585fe50e2f358e3e197d26e88cd19eef3,829507,01e429c3b3cf73b1a44530df3e50dd3a16e0cfef1f445bfa22ef443782840e33,1612219735,auxpow_parent_match,
elastos,00000000000000000002d0b9fc2eee0c71ef035b7d066c067cb494b3462a9ca3,835324,91fe75dc3257ed39a1b1b805f1491dd9af128d1de83906c2c161ff785e9dea98,1612915240,auxpow_parent_match,
elastos,00000000000000000006d7f67388bbd5570ce1c7c06b738ecb4b70d0a30ccf08,835372,4c2860ef6a882ff79fb1ab17035fe0c835837e4843b2dffed1e15c05cbbc8a51,1612920869,auxpow_parent_match,
elastos,00000000000000000005c71f3a13da52116b8924740d39b4a52a2a7cb3988bfc,841927,42d71ba50f12deacba0dcc8d8316f4d1a3110a4cbfcdf02957e1ffc36a5b787d,1613712551,auxpow_parent_match,
elastos,000000000000000000040e2e14931819cd282023c46c4e19ecc2f9daa36f6eaa,844006,550c52c64c71402929a1128d994c4f1b167d6aa38dcc363094cdc467b52e5ddf,1613966650,auxpow_parent_match,
elastos,0000000000000000000a2b674d3441dbd0f333d4b465c9f538628b9167f16755,854699,04185ffedb3c4ef5be0c4aae2a8140869e9df92e48f9d7f55779631f2054bda5,1615247413,auxpow_parent_match,
elastos,0000000000000000000829711891b872b01a12cc3349b2a8b3f5251d88ece9e5,860940,1f09a435653e49b0bfefd31502e86c2843c71e3f0ce1092d82552d3e7bfb85cc,1616010372,auxpow_parent_match,
elastos,0000000000000000000c64c3eb0e99f14024ca84ccdefc8d01aaf4aa5fadbafa,862534,00e67c28fc04b44e2030f4d13a7a5d62e8e3c226ee5bafb715993f33c48b5fd5,1616201192,auxpow_parent_match,
elastos,000000000000000000052677c72ed5786a84fc841125b207e68410fb5084032b,864368,6ce7dfe0acda48c69cf09845f5166e9e7abd9c9d1f9b1e4a9cf72a80aac1652e,1616436467,auxpow_parent_match,
elastos,0000000000000000000ac05c6cccccb53afe71b1462c34371af22d56eda96550,904004,62b3efc107839060292da2a13d2da89b36b3098a87104a54c9d2680d4bf7d556,1621181934,auxpow_parent_match,
elastos,0000000000000000000a33440aaf4651cc871a7e949b13ae64b2525ce2f42432,904701,cfd14bf3079f36186a3cd9b141fe5b2b203cb0f540c071479ae873463b3db909,1621270405,auxpow_parent_match,
elastos,0000000000000000000019b04c28105876ecb2859abbcdd031dfa93ae2be8c44,924263,86879bb63c9f5854406a0da81d2465727712d88a48f74be1a15a9d8de6d02db3,1623643349,auxpow_parent_match,
elastos,000000000000000000113905e9dd92bfe7fe39ebc8829072fe89b6108b639d54,945846,2b3939b04aa2737a655a50269e70dc26dc893b743bdc6bca61adb79f9756081a,1626267846,auxpow_parent_match,
elastos,00000000000000000003fc00a7a6ec3d82ece5675dbb0eb16feb1f65081a4e47,957825,92a59dc932f73edb2dfd5eb4259a1412df08344545ecb94f8b984a012d00111c,1627697693,auxpow_parent_match,
elastos,000000000000000000105d326ace68e342ae9851fa395937c890ace4882385e1,961883,b9f88f7bf7f9a36f593f7a571b1254e20b87e1dcff98fe8f85c6b9b927106f38,1628184315,auxpow_parent_match,
elastos,0000000000000000000c696f74f34cf755bfcce4f8a3afb8bda9f33ff7fe96c2,966351,f03700543a975015f7e7d6d22d39a20d5461a48f08aec6c0428b35831573324c,1628719266,auxpow_parent_match,
elastos,0000000000000000000dda4944c25d8845f01d009856e3536a963f4ee3352b8b,969225,f57886405f3aecc85a1902ec1888517eba2965c6452b02d14547e68599d8fa4a,1629062689,auxpow_parent_match,
elastos,000000000000000000031074ef00ff3903f2b80cc324cf41463ef927dabd407b,1036905,2a73671cecc5e5c8f27e04684ed13fd6d0a9ffc65fbfb63f756ecd19eeffe14b,1637192113,auxpow_parent_match,
elastos,0000000000000000000a26afbe02926658c019d0e52d6eae5454a33ff8713fcf,1049259,bad8027840293acedfdad44644b28c885f411cab102c7da05eb65a93b7723e55,1638677000,auxpow_parent_match,
elastos,000000000000000000035ac5d0c3428f86fda650fb38be576d51f4d907e77894,1116179,46e4b9cf0c41ab498af3fd37b7142d41aa3d74807f38ece0f87627c7af92c232,1646728805,auxpow_parent_match,
elastos,000000000000000000032733a93e6a7495d7c361174c2db4389dc611a43f1514,1117850,0cbb196697ace216bef1e65fb51f0ce0ebd9389d2e8e435eb4c817114bf8b182,1646914259,auxpow_parent_match,
elastos,000000000000000000029ec31578132d01696910f299f8d104f29b8f8bbdc24f,1137999,c3a4dcb92bfce09386d776c74df9eda5c113431affe8c82ff02b5f2d7b18c1bc,1649337072,auxpow_parent_match,
elastos,000000000000000000013b8819d8d272e100ac368cbc1e763252ad76d403d486,1157942,ea13cc3e4496a4e7c7509cc59c45344b00f62e38eb4e4d236c7223820a00a70a,1651733488,auxpow_parent_match,
elastos,0000000000000000000578aa645c2a10e9dc8556be042d29991c0d3c08dd8644,1168520,fafd7369b16b3d801818b4567e72c5251d5da2d87a26fce8ab8e79ae6caaba55,1653008175,auxpow_parent_match,
elastos,00000000000000000006975197c02823e9104076cc682a2151871f88d2965418,1168647,fccdeb76641c9cdc5af0d3fff7de8792c7b7b09ac80d47822856b9b045f24a69,1653023789,auxpow_parent_match,
elastos,00000000000000000008d99e58ea26b6a7653fbcf007e1203b4d5935ad769b3e,1222912,133bfaa4a56cf42029420d264952bfee1f52c4863b8fce63c550a78eea959b9a,1659583954,auxpow_parent_match,
elastos,00000000000000000006ed9fd2f5c5710e3f6278300516fb90da8685e4cbf0a8,1329745,11f7f24e30c6f6112bf9c19588f7fe909d4aca18f1d99c6bd6b8f66a81616a5c,1672403698,auxpow_parent_match,
elastos,000000000000000000000871bb09533dfc2c9ce5bd8eae0fc80a9a815944d716,1329881,be13d9c8137e089c126447b35190c87f2743496db5db4dad909e5ab3059d6d47,1672419359,auxpow_parent_match,
elastos,000000000000000000025bc9698bd43a720a55a27a17347366ca7d608d5bfeb6,1330465,d49f14ce48e9ad21a6ab7e31aa19718fe82fcce3a6a0d8fde7beab7bcece1aef,1672485756,auxpow_parent_match,
elastos,00000000000000000004370a77a30add64bba97c26a90ca9643b45a75219b2a6,1339839,fc0a52c1aa3521daea8e9b70926a9cc0e793e5702db061d53f93a111e29550b9,1673621106,auxpow_parent_match,
elastos,0000000000000000000397ec2f830eec065035fcb98e0a0c0a8f075666673066,1346237,66870d8457c99cd0004543e6117292df391e3aceb79bc599fba20aa87db96530,1674389390,auxpow_parent_match,
elastos,00000000000000000002761b955201609da7fec57f93ba6f1971d60868860f7d,1354102,4cac533a7823f95bfe813e33006a4b6e88ca0b590a6a50fa8595b79951594023,1675330008,auxpow_parent_match,
elastos,00000000000000000003b23db507ad4aef50fbc9ad358a234f73ba95c656a0c0,1357689,ff865ad0ff19caa09586090f2d6bd1532e1f5dc6b3ffa8e276337771e94a1f65,1675760525,auxpow_parent_match,
elastos,0000000000000000000387d7c748413c63aa50c493185f64b0b0b14a1692745a,1359641,97e236bdfff917d49bdd959d8e4de34691c5cf11264fc2ebe5906ce74dedd906,1675996002,auxpow_parent_match,
elastos,00000000000000000004cc87382e38118248ec926716565d50d63f0637c22c07,1364691,74d8bc94bd9a968a104dc3593159b17f01b1fe00bac18c0d66794fce1bcdb48f,1676602658,auxpow_parent_match,
elastos,0000000000000000000215ac1b6fd564d8d4707631f6b77273521eb1e242cf28,1365756,c6f5f945f0e0edcb3c60cba1faa95a088c6fa6c71c8e6431d6f1a3967517041f,1676726437,auxpow_parent_match,
elastos,000000000000000000012ae175cb998a3057002e532d432f669d0a30e8292c6b,1384050,13850e2e49ba879349467a7c7719ae5fbd2e44f69db3ab00f925e8a243203fdc,1678921588,auxpow_parent_match,
elastos,0000000000000000000125e5d7c0d2e1b83982e5284ea21e08f5a73b8109d41b,1386536,7c9d97aa3f83a3ae34f3f134dc406cfede28c8eca4f6664d09a49e9c7e3ae89f,1679215993,auxpow_parent_match,
elastos,0000000000000000000340499a069de771c0559841c75d5230dd7802c3588d98,1393763,dc2a9c777ca4ef131339b3a76d43df4689bb3182f0f1e347c1f93455bb66ea81,1680086180,auxpow_parent_match,
elastos,000000000000000000015227bfc84327b07a7e1796ff89c0ddf62d4777a38c06,1431364,3d1a010b7060435a2d7ab1314488b4c01ef7893152f37b022f93386b197fbd8a,1684723585,auxpow_parent_match,
elastos,000000000000000000032956cbfd8721abe0572d81542e75e38e6185312bee09,1438853,9c390adb8e5c9042bc5dc109687308b4c2912114b49e6fb9921740ac94b908d5,1685623019,auxpow_parent_match,
elastos,000000000000000000030cd5244e8b366e810bfff953bab79c736d7310dac407,1451213,b9644d7924c9536eb98bf46e410f30437d938476f63f42fc2e1efcda1d089c7f,1687112302,auxpow_parent_match,
elastos,0000000000000000000552fdbbe1edbff2887ea7879dc777b33f8cefc4ba665e,1456838,087bba35f601c8cf6d640ea7e1fd6fb3fac26d1f01a87ff6d34c3446b371c5fd,1687799563,auxpow_parent_match,
elastos,00000000000000000002c72834766a5eac00f50d8a203a6fd03217dc22ff2437,1458113,a7ef2e0ceb105eb373fa77326f2f15e7d0e00fbffaf7ed8ce0795d569b62892c,1687961483,auxpow_parent_match,
elastos,00000000000000000000fe9e3172a5d9ee3b815d952476a31056bc007657b83f,1463870,3a7d50ec0d5e1992e8552ff9a9231d61c5631cbcbed41185c635595571baa0e6,1688650760,auxpow_parent_match,
elastos,00000000000000000003cde17280f9c458ef226f5a77271ee82489daa6ac1819,1489668,4d1dd3be487809aec6fc2ca418db113f139873f6c75469d862372a1b29d47d22,1691732719,auxpow_parent_match,
elastos,00000000000000000004a2b31c38cd724c92d3b33f9dcbe99bfb50ad167ab2ee,1528803,0cb6f9000a041c79d306e56bb7a5897fb6b6407517e7fb7fee52397ee59a0695,1696436786,auxpow_parent_match,
elastos,00000000000000000002519abcdc0b85977087bae63a36cd4a13638c22721ebd,1559492,a37bd5a4a3bbac58a71ca56090fbe74fb7626aecb308b91daa2d0809145d5f0f,1700080268,auxpow_parent_match,
elastos,000000000000000000001f317d0fdf0dbb37e5e5b0c858cb12f58eab4ff7ad91,1592119,88ccc2c007d7b75dc5e55de66413c4266117419b5d976875c85d1fb830bd9987,1704000429,auxpow_parent_match,
elastos,00000000000000000002c7de4016a0d09a47c19075cb73947e7f66e3461efd27,1612653,6981b7c461d57ec90043b6ee4d541f597c746dab487a14f0710c46ea619313b1,1706474077,auxpow_parent_match,
elastos,0000000000000000000222082e0016ece6119a9175adcf4ba416631279dc5611,1615229,9d695d4a2f495dc6f85a1742eca6691755efd7193e9710d8eda63f8f45e5129f,1706783255,auxpow_parent_match,
elastos,0000000000000000000206e3a637468ec7c7b73632d9df302237d8899e8c6bba,1656311,dbba600df215b83b1dd1a9c9415632a2711ec5e151cff79f9dcb4404685fd387,1711723201,auxpow_parent_match,
elastos,000000000000000000006aade64c55965be1542f138da658dcdb93005e5c486b,1716863,517eca36795559bafbe963a94a5043c1763b8c24d4012f1826b9d6099b57d266,1719019246,auxpow_parent_match,
elastos,0000000000000000000026c0346042277e9a464778417b70c81334d98d617fd9,1737935,6611ecff3b7e2b525eae95211b422f842c325c58bdc431ffe9a4c0997564d8cb,1721550380,auxpow_parent_match,
elastos,000000000000000000020d5a1e9725dc333da00c03d123b7187bf713a88b6d66,1764454,e1b275df16ffd586bcee12a850f71721317e80124dca6db7ee3cdfd8fd7c0409,1724739934,auxpow_parent_match,
elastos,000000000000000000001b2d82e3c85f3e9a6d64056a9af77cfceb2819f01059,1769956,19b7747fb1a9f5a2bdce71cc982d8a775094b9171d88889d4f93a5420f69f176,1725401312,auxpow_parent_match,
elastos,000000000000000000004b7f2b9b9a9c910a93500d84fbb8926a17dd1ace2f8d,1781250,3e1e171196c2da35a45d18f718be16ed578d9812a30b58c676a9e00d0a585ea4,1726805946,auxpow_parent_match,
elastos,0000000000000000000114d1f1c1ddf51e83d6c0d660b2c1fa9f9a345f36624a,1804299,cdb5ac874adf1288f5621ae3abcbabe8d3a224daba728384e29ff42ca6875962,1729520485,auxpow_parent_match,
elastos,00000000000000000000ba2ab3a02b9de883cd7368bf57da3e04cd2ba3bd04af,1836965,9898c18406a34e0e67f023a8293cf050c21b46543951a28746105d08343991a2,1733524440,auxpow_parent_match,
elastos,00000000000000000002745046f0bb6fab9fd306b5df8afea25e5a4cc80f9282,1877624,1616721357ce0e8090c923b4d4cd98c97fec167c56f17de2201f7c351461a3d7,1738412830,auxpow_parent_match,
elastos,00000000000000000002585e763064d66b3f2554ef9dfb8603a2251ae16439e2,1884158,f9198c3ae6693d033edbfff451f5a87bd1d88324f6cea5e4567b1052a90e636c,1739196602,auxpow_parent_match,
elastos,00000000000000000000d714fe269dd411cbf80b8971dafbd9edfedca401adc6,1884968,beb0559c6db21eb61dde20b0e7050dd873ff2a0c0ee220d54e10114b14b622e2,1739298552,auxpow_parent_match,
elastos,00000000000000000001abda316319c8fec0def0564526d8282ca3a168def490,1886695,07475a9019aab71f86531e6313d368e6391f33e51e96bda1500c97e90de1d894,1739507118,auxpow_parent_match,
elastos,00000000000000000001509b28e96d4eba8508a8885e78dc83b60cacdeb985ea,1897534,77a6d446925273f13cc93b7d0158713a09d2eeca4d496c9e52985cc8d76e3069,1740796303,auxpow_parent_match,
elastos,00000000000000000001044135d451cbcbf072e07680bd48fddbd933cccd4b14,1972898,4882ba7f5b4caa9a001910f25e65543b82eae01593f1965a54e21f53130c53a9,1749866722,auxpow_parent_match,
elastos,000000000000000000001cb7065caaaca472821735331118c31d188e2b7ef03d,2014621,194037b341231c9caac43b9f58e71d4526378b58e00d2cda36323a3e42fddb82,1754876520,auxpow_parent_match,
elastos,00000000000000000000d7723ab64114f913df8c3a14fe3d13a96017e5ad87a6,2019590,b40b9a60bf1e5e6b0d0e0ca52e680b5a0c6d88712367972fc1736d38e425f656,1755476019,auxpow_parent_match,
elastos,000000000000000000000cdf5d7f499305261f6fadab837f94a3e5acb28795b8,2030043,8a63c82913b5248838e7d84a4896f3589ccd1f81a85b731840875cf8e7dad747,1756730472,auxpow_parent_match,
elastos,00000000000000000001c00858518e76172820d693a190fdb290ceb011a999be,2053001,ef82ecdbf789169257135f4ae396f2abac317d88a02dcad3dad32234104095ae,1759489047,auxpow_parent_match,
elastos,0000000000000000000079d5bbefeca4a1fc69b3490123490725d1f5b3684976,2075022,1be0d02f5808d2644baacae1a5a0a7b7e99f09d7472387250e427f04179a2e34,1762134262,auxpow_parent_match,
elastos,0000000000000000000080824aaf3e9614116f4c5901b89220e515babed61b69,2093516,48271f865f77922bbcdf899923951fa9873f65f05c7f843a0ad36cf5711061b5,1764361971,auxpow_parent_match,
elastos,00000000000000000001d8e793ea5d96636d5531502b2dd3f289905c674aad19,2095662,4c8b419c39462c2a5cf1d6195250371e08f779de32f7014709917308851b18ff,1764625405,auxpow_parent_match,
elastos,0000000000000000000145610c4a50efe6f65c1efeca68f7ee02165b01fa05e5,2114876,4343a9f659ca415ec6afc27ebe2c4182c49108676a916701706bd11ed516ee5d,1766932150,auxpow_parent_match,
elastos,00000000000000000001dbe85a748a48ed55156a16a075a6a4af972bea5a1990,2138062,cd24f6ea47e0fa89fb8d761594147218e3dea3e34fa090a2bddfe7228fc16442,1769832798,auxpow_parent_match,
